config,kernel,alpha,nu2,arm,label,beta,m,n_rep,I_true_ref,bias,bias_se,rmse,sd,coverage,ci_width,uniform_err_mean,uniform_err_sd,uniform_err_median,uniform_err_q90,k_err_mean,r_eff_mean,r_eff_true,kappa,bound_mean,bound_ratio_median,bound_ratio_mean,bound_valid_frac,bound_nonvacuous_frac,small_pert_frac
ou_alpha0_nu0.25,ou,0.0,0.25,known,mean,1.0,25,200,0.26799418107294054,0.00011037724906781621,0.007388818310319984,0.10423216754773051,0.10449367064365178,0.92,0.3616496801653979,0.24594183825165608,0.048614821408023666,0.2378825536554424,0.31678650132891195,10.78615607260634,6.992230211437186,10.182959306742681,12.570019789359696,inf,inf,inf,1.0,0.0,0.0
ou_alpha0_nu0.25,ou,0.0,0.25,known,mean,1.0,50,200,0.26799418107294054,-0.010755703408434077,0.005657872004802036,0.08053556211222469,0.08001439323362093,0.925,0.27646280202803364,0.1948300973081269,0.034139640348053835,0.19080042866453767,0.23472687903659076,7.59534898966464,8.14684366661341,10.182959306742681,12.570019789359696,inf,inf,inf,1.0,0.0,0.0
ou_alpha0_nu0.25,ou,0.0,0.25,known,mean,1.0,100,200,0.26799418107294054,-0.0062011698789558025,0.00428702099461134,0.06079297459827996,0.06062763232757553,0.935,0.21136883501246706,0.14973120330260506,0.030613411293887706,0.14844021649565842,0.1898652627285089,5.60127783283102,8.810587248812016,10.182959306742681,12.570019789359696,inf,inf,inf,1.0,0.0,0.0
ou_alpha0_nu0.25,ou,0.0,0.25,known,mean,1.0,250,200,0.26799418107294054,-0.00389566030755097,0.0028572465996521876,0.0404942457312814,0.04040756892272533,0.91,0.14543190822724103,0.10205463505987317,0.02084306137091373,0.10116768199491877,0.12952014434238723,3.610878072072536,9.452474128193272,10.182959306742681,12.570019789359696,inf,inf,inf,1.0,0.0,0.0
ou_alpha0_nu0.25,ou,0.0,0.25,known,mean,1.0,500,200,0.26799418107294054,-0.0018491987483873825,0.0020919714696805377,0.029568769290799875,0.029584944245197923,0.945,0.10719487509178484,0.07527172227464883,0.015297526726547408,0.07429950062433323,0.096305597450274,2.642240034994832,9.746389508578627,10.182959306742681,12.570019789359696,inf,inf,inf,1.0,0.0,0.0
ou_alpha0_nu0.25,ou,0.0,0.25,known,mean,1.0,1000,200,0.26799418107294054,0.0009194024558292966,0.0014779944605093649,0.020869939106517833,0.020901998111646496,0.915,0.07799653234660237,0.05380347846989471,0.01059708268747712,0.05341214624518198,0.06541161473698924,1.876084479505763,9.8759933981234,10.182959306742681,12.570019789359696,inf,inf,inf,1.0,0.0,0.0
ou_alpha0_nu0.25,ou,0.0,0.25,known,sigmoid,1.0,25,200,0.26258063840905604,0.0003414453373830312,0.007261303263120326,0.1024338570768464,0.10269033555208776,0.92,0.35422510384512307,0.24127677882119997,0.0481314974275355,0.23254631562139322,0.31231691101248166,10.78615607260634,6.992230211437186,10.182959306742681,12.570019789359696,inf,inf,inf,1.0,0.0,0.0
ou_alpha0_nu0.25,ou,0.0,0.25,known,sigmoid,1.0,50,200,0.26258063840905604,-0.010060291843702157,0.005562891953059862,0.07911647793843377,0.07867117246033413,0.93,0.2715448868283929,0.19119467137358534,0.03381915020765927,0.18699566109296656,0.23159226336286723,7.59534898966464,8.14684366661341,10.182959306742681,12.570019789359696,inf,inf,inf,1.0,0.0,0.0
ou_alpha0_nu0.25,ou,0.0,0.25,known,sigmoid,1.0,100,200,0.26258063840905604,-0.005665053122388122,0.004211051115075425,0.059673697506868954,0.05955325598786012,0.935,0.20777135233850294,0.14682940517687576,0.03010113581643019,0.14592626924503238,0.18589008715884764,5.60127783283102,8.810587248812016,10.182959306742681,12.570019789359696,inf,inf,inf,1.0,0.0,0.0
ou_alpha0_nu0.25,ou,0.0,0.25,known,sigmoid,1.0,250,200,0.26258063840905604,-0.0036016693529839134,0.0028066932558924334,0.039756759194254816,0.03969263667904179,0.91,0.14284680108602996,0.10003079555079789,0.020458807369240068,0.09882796086123069,0.1266964386903447,3.610878072072536,9.452474128193272,10.182959306742681,12.570019789359696,inf,inf,inf,1.0,0.0,0.0
ou_alpha0_nu0.25,ou,0.0,0.25,known,sigmoid,1.0,500,200,0.26258063840905604,-0.0017477072426875099,0.0020528465238265022,0.02901165406923684,0.029031633954659023,0.945,0.10520918711224261,0.07370303737617116,0.01498854223615611,0.07279693927614501,0.09454759730650035,2.642240034994832,9.746389508578627,10.182959306742681,12.570019789359696,inf,inf,inf,1.0,0.0,0.0
ou_alpha0_nu0.25,ou,0.0,0.25,known,sigmoid,1.0,1000,200,0.26258063840905604,0.0009337050458275397,0.0014510262486190932,0.020490528611403415,0.02052061000156476,0.915,0.07657270996741544,0.05269783842986295,0.01038466687121519,0.052210627882676774,0.06417523430520315,1.876084479505763,9.8759933981234,10.182959306742681,12.570019789359696,inf,inf,inf,1.0,0.0,0.0
ou_alpha0_nu0.25,ou,0.0,0.25,known,occ_c0,0.5,25,200,0.24401651828426504,2.4102895552702285e-05,0.006833035919428006,0.09639183666842359,0.09663372069437598,0.92,0.3293616580550153,0.22494096038310704,0.04633000210750579,0.21575924574475902,0.2943823242805252,10.78615607260634,6.992230211437186,10.182959306742681,12.570019789359696,inf,inf,inf,1.0,0.0,0.0
ou_alpha0_nu0.25,ou,0.0,0.25,known,occ_c0,0.5,50,200,0.24401651828426504,-0.008455611553749529,0.005245081668280615,0.07447256425307001,0.07417665631036946,0.935,0.2555615657011407,0.17877872354991317,0.032741428369992276,0.17530572360866972,0.21976064686509772,7.59534898966464,8.14684366661341,10.182959306742681,12.570019789359696,inf,inf,inf,1.0,0.0,0.0
ou_alpha0_nu0.25,ou,0.0,0.25,known,occ_c0,0.5,100,200,0.24401651828426504,-0.004228975560520994,0.0039608894946003385,0.056035031064416416,0.056015436423249125,0.94,0.19591364429753202,0.13723260628525022,0.02841854004486029,0.1355492136623059,0.17564943685084905,5.60127783283102,8.810587248812016,10.182959306742681,12.570019789359696,inf,inf,inf,1.0,0.0,0.0
ou_alpha0_nu0.25,ou,0.0,0.25,known,occ_c0,0.5,250,200,0.24401651828426504,-0.0026665266937246556,0.0026447970291254247,0.03740462108265782,0.037403078283132454,0.91,0.1345393384413316,0.09343590590691297,0.01925490352036962,0.0927418937908133,0.11859049099201822,3.610878072072536,9.452474128193272,10.182959306742681,12.570019789359696,inf,inf,inf,1.0,0.0,0.0
ou_alpha0_nu0.25,ou,0.0,0.25,known,occ_c0,0.5,500,200,0.24401651828426504,-0.0013949115843937723,0.0019275943900451866,0.027227820050501235,0.027260301291561966,0.94,0.0988713595819804,0.06862847672524693,0.014025494067546676,0.06819715542602199,0.08863597616517503,2.642240034994832,9.746389508578627,10.182959306742681,12.570019789359696,inf,inf,inf,1.0,0.0,0.0
ou_alpha0_nu0.25,ou,0.0,0.25,known,occ_c0,0.5,1000,200,0.24401651828426504,0.0009976259240479148,0.0013644363255162805,0.01927357953976422,0.01929604356539635,0.91,0.07199035264843466,0.0491279763080178,0.009707356769638499,0.0483353112773221,0.06017352221497293,1.876084479505763,9.8759933981234,10.182959306742681,12.570019789359696,inf,inf,inf,1.0,0.0,0.0
ou_alpha0_nu0.25,ou,0.0,0.25,known,occ_c1,0.5,25,200,0.2131886770478779,-0.003849476215774773,0.005090548042291807,0.07191412004565671,0.07199122081320881,0.935,0.2232178664031066,0.16383687678065378,0.04134120647137367,0.15235659095244508,0.22404485539329963,10.78615607260634,6.992230211437186,10.182959306742681,12.570019789359696,inf,inf,inf,1.0,0.0,0.0
ou_alpha0_nu0.25,ou,0.0,0.25,known,occ_c1,0.5,50,200,0.2131886770478779,-0.009744727157667742,0.004192344487154275,0.05993775450309247,0.059288704318736535,0.95,0.19272707202646708,0.13972112677396423,0.02794099813114122,0.13483453592013417,0.1803375893330446,7.59534898966464,8.14684366661341,10.182959306742681,12.570019789359696,inf,inf,inf,1.0,0.0,0.0
ou_alpha0_nu0.25,ou,0.0,0.25,known,occ_c1,0.5,100,200,0.2131886770478779,-0.00504956576477972,0.003213810106125337,0.04561671424665824,0.04545013838974168,0.94,0.15598202251222487,0.11103424155505422,0.022794303459701848,0.1096772332683966,0.1413155673817226,5.60127783283102,8.810587248812016,10.182959306742681,12.570019789359696,inf,inf,inf,1.0,0.0,0.0
ou_alpha0_nu0.25,ou,0.0,0.25,known,occ_c1,0.5,250,200,0.2131886770478779,-0.002769130084020968,0.0022030042059488246,0.031200326283172812,0.031155184260177986,0.92,0.11102230630313534,0.07692613601693031,0.016167393085167996,0.07664940269234184,0.0975214321894743,3.610878072072536,9.452474128193272,10.182959306742681,12.570019789359696,inf,inf,inf,1.0,0.0,0.0
ou_alpha0_nu0.25,ou,0.0,0.25,known,occ_c1,0.5,500,200,0.2131886770478779,-0.0015504965547028507,0.0016176924473230673,0.02287297273065393,0.022877625987528055,0.93,0.08239659331753503,0.05684517682065222,0.01163876669366859,0.056259980253908284,0.07348239198629285,2.642240034994832,9.746389508578627,10.182959306742681,12.570019789359696,inf,inf,inf,1.0,0.0,0.0
ou_alpha0_nu0.25,ou,0.0,0.25,known,occ_c1,0.5,1000,200,0.2131886770478779,0.0007380476098218604,0.0011526323452242854,0.01627662181174441,0.01630068295046092,0.92,0.06051678949382253,0.0408938759914047,0.008217334053111624,0.040286218171566135,0.05074024631896938,1.876084479505763,9.8759933981234,10.182959306742681,12.570019789359696,inf,inf,inf,1.0,0.0,0.0
ou_alpha0_nu0.25,ou,0.0,0.25,estimated,mean,1.0,25,200,0.26799418107294054,0.00019250338341407047,0.007388120230586932,0.10422243926013533,0.10448379830539078,nan,nan,0.24586900846002716,0.04846669698471733,0.23785214201605914,0.31638994984042224,10.782684990869422,6.993940368299719,10.182959306742681,12.570019789359696,inf,inf,inf,1.0,0.0,0.0
ou_alpha0_nu0.25,ou,0.0,0.25,estimated,mean,1.0,50,200,0.26799418107294054,-0.010780515716902599,0.0056426564798863,0.08032617491809847,0.07979921321667634,nan,nan,0.19476988629154987,0.034150331204598865,0.1909320274392481,0.2337976492604067,7.592211834740079,8.149165404517031,10.182959306742681,12.570019789359696,inf,inf,inf,1.0,0.0,0.0
ou_alpha0_nu0.25,ou,0.0,0.25,estimated,mean,1.0,100,200,0.26799418107294054,-0.006080897414110784,0.004286916957302216,0.06077936373575484,0.06062616101783996,nan,nan,0.14976905118981276,0.030883146866339094,0.14818192649403228,0.18874679888843351,5.600573033443503,8.811317466331687,10.182959306742681,12.570019789359696,inf,inf,inf,1.0,0.0,0.0
ou_alpha0_nu0.25,ou,0.0,0.25,estimated,mean,1.0,250,200,0.26799418107294054,-0.0039677980156841595,0.002869423837853191,0.04067220746627917,0.0405797810768864,nan,nan,0.10206716083971182,0.021134326081338254,0.10141092070855635,0.12863343988382273,3.6098341094546775,9.453987966092166,10.182959306742681,12.570019789359696,inf,inf,inf,1.0,0.0,0.0
ou_alpha0_nu0.25,ou,0.0,0.25,estimated,mean,1.0,500,200,0.26799418107294054,-0.001941305951849786,0.002100422536251162,0.029693633326459877,0.029704460374804877,nan,nan,0.07516908989992035,0.015386516828847301,0.0746350256392888,0.09684478673179021,2.6435942767146887,9.745352825368634,10.182959306742681,12.570019789359696,inf,inf,inf,1.0,0.0,0.0
ou_alpha0_nu0.25,ou,0.0,0.25,estimated,mean,1.0,1000,200,0.26799418107294054,0.0009783268589324463,0.0014789418475338013,0.020885967828469448,0.02091539618743424,nan,nan,0.05369276640231166,0.010558256034472732,0.05315906588035951,0.06616382839889233,1.8761225624271856,9.876694248333866,10.182959306742681,12.570019789359696,inf,inf,inf,1.0,0.0,0.0
ou_alpha0_nu0.25,ou,0.0,0.25,estimated,sigmoid,1.0,25,200,0.26258063840905604,0.0004220746563440606,0.00726061779163867,0.1024244878901099,0.10268064152142799,nan,nan,0.24120437052163324,0.04798606305694077,0.2329833134518397,0.31135561899734693,10.782684990869422,6.993940368299719,10.182959306742681,12.570019789359696,inf,inf,inf,1.0,0.0,0.0
ou_alpha0_nu0.25,ou,0.0,0.25,estimated,sigmoid,1.0,50,200,0.26258063840905604,-0.010082755339858376,0.0055479402752804845,0.07891014239982859,0.07845972380537584,nan,nan,0.1911370893343297,0.03382974445685921,0.18716898161778234,0.2293277720601051,7.592211834740079,8.149165404517031,10.182959306742681,12.570019789359696,inf,inf,inf,1.0,0.0,0.0
ou_alpha0_nu0.25,ou,0.0,0.25,estimated,sigmoid,1.0,100,200,0.26258063840905604,-0.005545858316980162,0.004210881625972878,0.059660119292499404,0.059550859049985146,nan,nan,0.14687049808632083,0.030367944881422908,0.14509936905506607,0.185159876271943,5.600573033443503,8.811317466331687,10.182959306742681,12.570019789359696,inf,inf,inf,1.0,0.0,0.0
ou_alpha0_nu0.25,ou,0.0,0.25,estimated,sigmoid,1.0,250,200,0.26258063840905604,-0.0036705195466480807,0.0028185824794667415,0.0399300606718816,0.03986077569129052,nan,nan,0.10004334771572854,0.02074365483216958,0.09947310272655253,0.12645532682999674,3.6098341094546775,9.453987966092166,10.182959306742681,12.570019789359696,inf,inf,inf,1.0,0.0,0.0
ou_alpha0_nu0.25,ou,0.0,0.25,estimated,sigmoid,1.0,500,200,0.26258063840905604,-0.0018381402165753146,0.0020611575268099764,0.029134248903490718,0.02914916928602055,nan,nan,0.0736030895287859,0.01507099591699927,0.07296352042480254,0.09463078630327632,2.6435942767146887,9.745352825368634,10.182959306742681,12.570019789359696,inf,inf,inf,1.0,0.0,0.0
ou_alpha0_nu0.25,ou,0.0,0.25,estimated,sigmoid,1.0,1000,200,0.26258063840905604,0.000991960324169044,0.0014520157520763548,0.020507208108273053,0.020534603693657505,nan,nan,0.05258868948239694,0.010347871038172545,0.05204176465397098,0.0646953933802187,1.8761225624271856,9.876694248333866,10.182959306742681,12.570019789359696,inf,inf,inf,1.0,0.0,0.0
ou_alpha0_nu0.25,ou,0.0,0.25,estimated,occ_c0,0.5,25,200,0.24401651828426504,9.895075660382113e-05,0.006832370837937303,0.0963825023196864,0.09662431502173362,nan,nan,0.22488385649567527,0.04618204080070638,0.21607060523901445,0.29339528919895475,10.782684990869422,6.993940368299719,10.182959306742681,12.570019789359696,inf,inf,inf,1.0,0.0,0.0
ou_alpha0_nu0.25,ou,0.0,0.25,estimated,occ_c0,0.5,50,200,0.24401651828426504,-0.008473462256321687,0.005231096442980763,0.0742785917459852,0.07397887535745051,nan,nan,0.17872981925864953,0.032746465728157405,0.1757513703184203,0.21781535832166768,7.592211834740079,8.149165404517031,10.182959306742681,12.570019789359696,inf,inf,inf,1.0,0.0,0.0
ou_alpha0_nu0.25,ou,0.0,0.25,estimated,occ_c0,0.5,100,200,0.24401651828426504,-0.0041138382044810734,0.003960591337909638,0.05602226459374608,0.05601121985089212,nan,nan,0.13725712587375563,0.028674665416848807,0.13536843487300448,0.17539848457403184,5.600573033443503,8.811317466331687,10.182959306742681,12.570019789359696,inf,inf,inf,1.0,0.0,0.0
ou_alpha0_nu0.25,ou,0.0,0.25,estimated,occ_c0,0.5,250,200,0.24401651828426504,-0.002725288405329302,0.002655707545127976,0.03756236051390946,0.03755737628016542,nan,nan,0.09344061806528528,0.019524868951652306,0.09289898738529768,0.11858927491187471,3.6098341094546775,9.453987966092166,10.182959306742681,12.570019789359696,inf,inf,inf,1.0,0.0,0.0
ou_alpha0_nu0.25,ou,0.0,0.25,estimated,occ_c0,0.5,500,200,0.24401651828426504,-0.00147843625163618,0.0019353752765181955,0.02734182855042381,0.027370339643336114,nan,nan,0.06854106082563126,0.014082413043999733,0.06780477977652113,0.087988664646123,2.6435942767146887,9.745352825368634,10.182959306742681,12.570019789359696,inf,inf,inf,1.0,0.0,0.0
ou_alpha0_nu0.25,ou,0.0,0.25,estimated,occ_c0,0.5,1000,200,0.24401651828426504,0.0010531523248207397,0.0013654739219207553,0.019291148671786225,0.019310717394471127,nan,nan,0.04902636638968096,0.009676170721238228,0.04860516823893021,0.060138325234007056,1.8761225624271856,9.876694248333866,10.182959306742681,12.570019789359696,inf,inf,inf,1.0,0.0,0.0
ou_alpha0_nu0.25,ou,0.0,0.25,estimated,occ_c1,0.5,25,200,0.2131886770478779,-0.0038225317483722375,0.005091920209265457,0.07193201221330446,0.07201062618464858,nan,nan,0.1638483430363884,0.0411332322547115,0.15310784963629254,0.22196592937003895,10.782684990869422,6.993940368299719,10.182959306742681,12.570019789359696,inf,inf,inf,1.0,0.0,0.0
ou_alpha0_nu0.25,ou,0.0,0.25,estimated,occ_c1,0.5,50,200,0.2131886770478779,-0.00976348165741416,0.004181039234994744,0.05978346177583884,0.059128823909435975,nan,nan,0.13965821310195234,0.027955954762073472,0.13552997627455068,0.17836720777805706,7.592211834740079,8.149165404517031,10.182959306742681,12.570019789359696,inf,inf,inf,1.0,0.0,0.0
ou_alpha0_nu0.25,ou,0.0,0.25,estimated,occ_c1,0.5,100,200,0.2131886770478779,-0.004953165480864256,0.0032122100938684296,0.045583706431396295,0.04542751079940486,nan,nan,0.11106096615480146,0.02293513540886868,0.10905254806481826,0.14214753363476781,5.600573033443503,8.811317466331687,10.182959306742681,12.570019789359696,inf,inf,inf,1.0,0.0,0.0
ou_alpha0_nu0.25,ou,0.0,0.25,estimated,occ_c1,0.5,250,200,0.2131886770478779,-0.0028196474855479814,0.002212495563586111,0.03133819712589595,0.031289412327137826,nan,nan,0.07693799220238859,0.016371022711930003,0.07618803291583287,0.09759422876317497,3.6098341094546775,9.453987966092166,10.182959306742681,12.570019789359696,inf,inf,inf,1.0,0.0,0.0
ou_alpha0_nu0.25,ou,0.0,0.25,estimated,occ_c1,0.5,500,200,0.2131886770478779,-0.001626363116045726,0.0016246665940230622,0.022976375340562294,0.022976255316019177,nan,nan,0.056743557448876755,0.011683851101627207,0.056079424734749375,0.07215632168422188,2.6435942767146887,9.745352825368634,10.182959306742681,12.570019789359696,inf,inf,inf,1.0,0.0,0.0
ou_alpha0_nu0.25,ou,0.0,0.25,estimated,occ_c1,0.5,1000,200,0.2131886770478779,0.0007900820187284569,0.0011537441691237378,0.016294729993035658,0.01631640651483668,nan,nan,0.04078638460526478,0.008208677790280821,0.0402445546998311,0.05048962494136132,1.8761225624271856,9.876694248333866,10.182959306742681,12.570019789359696,inf,inf,inf,1.0,0.0,0.0
ou_alpha0.3_nu0.25,ou,0.3,0.25,known,mean,1.0,25,200,0.6161001196816845,-0.06468903463987692,0.006350842240690339,0.11050329152880649,0.08981447229276214,nan,nan,0.2565334250572786,0.07981078595561374,0.24299508089397653,0.36231652894672856,15.643111752761678,3.29297231858729,2.726308886174495,46.949925831627674,inf,inf,inf,1.0,0.0,0.0
ou_alpha0.3_nu0.25,ou,0.3,0.25,known,mean,1.0,50,200,0.6161001196816845,-0.045406086663486306,0.0040895349396189926,0.0734155815514838,0.057834757754078155,nan,nan,0.18076753714347527,0.0538638202401678,0.1742281070838428,0.25043305376468133,11.13687946778843,3.1034405953332875,2.726308886174495,46.949925831627674,inf,inf,inf,1.0,0.0,0.0
ou_alpha0.3_nu0.25,ou,0.3,0.25,known,mean,1.0,100,200,0.6161001196816845,-0.024471256052710368,0.0032120139185223447,0.051496912741841004,0.045424736461054493,nan,nan,0.12620743080841046,0.03938006681147798,0.1175193748062969,0.17841472896542937,7.8671529815452,2.9598098632960874,2.726308886174495,46.949925831627674,inf,inf,inf,1.0,0.0,0.0
ou_alpha0.3_nu0.25,ou,0.3,0.25,known,mean,1.0,250,200,0.6161001196816845,-0.013881380729256779,0.001920766648349517,0.030444577348282185,0.027163742442498005,nan,nan,0.07972185995244624,0.019786523291485395,0.07600753315979702,0.10773204119778032,4.958336134439391,2.8400352598517964,2.726308886174495,46.949925831627674,inf,inf,inf,1.0,0.0,0.0
ou_alpha0.3_nu0.25,ou,0.3,0.25,known,mean,1.0,500,200,0.6161001196816845,-0.0059097287763933215,0.0013224405214094163,0.019569001809264252,0.01870213320808944,nan,nan,0.055820404902817075,0.012964941291421282,0.05374228574210138,0.0746985530242972,3.4974868099545855,2.781075064711382,2.726308886174495,46.949925831627674,inf,inf,inf,1.0,0.0,0.0
ou_alpha0.3_nu0.25,ou,0.3,0.25,known,mean,1.0,1000,200,0.6161001196816845,-0.002472537736551468,0.0009891233911832125,0.014170677272905519,0.013988317146717675,nan,nan,0.03807750073653647,0.008396731960401254,0.037090081045568435,0.04922787589672902,2.376524771519799,2.7413458538033217,2.726308886174495,46.949925831627674,inf,inf,inf,1.0,0.0,0.0
ou_alpha0.3_nu0.25,ou,0.3,0.25,known,sigmoid,1.0,25,200,0.6098245377686271,-0.06450615398078863,0.00629713578908993,0.10978239299402444,0.08905494837035982,nan,nan,0.25446208380499724,0.07893613321162571,0.24128134716575766,0.3588935768056548,15.643111752761678,3.29297231858729,2.726308886174495,46.949925831627674,inf,inf,inf,1.0,0.0,0.0
ou_alpha0.3_nu0.25,ou,0.3,0.25,known,sigmoid,1.0,50,200,0.6098245377686271,-0.04485439636907958,0.004057184218694297,0.07271591907371101,0.057377249471235646,nan,nan,0.17923436366894271,0.0532256221997997,0.17250264476940555,0.2478853201374294,11.13687946778843,3.1034405953332875,2.726308886174495,46.949925831627674,inf,inf,inf,1.0,0.0,0.0
ou_alpha0.3_nu0.25,ou,0.3,0.25,known,sigmoid,1.0,100,200,0.6098245377686271,-0.024016161482603687,0.0031897192773305666,0.05100454408114211,0.04510944262163795,nan,nan,0.1251523955033941,0.03889136675005274,0.1166306933200453,0.17675349396941423,7.8671529815452,2.9598098632960874,2.726308886174495,46.949925831627674,inf,inf,inf,1.0,0.0,0.0
ou_alpha0.3_nu0.25,ou,0.3,0.25,known,sigmoid,1.0,250,200,0.6098245377686271,-0.013600127675654146,0.0019059519322372916,0.03013073801993419,0.02695423071801184,nan,nan,0.07908470596114021,0.019540588108427848,0.07528387831071964,0.10668762079014837,4.958336134439391,2.8400352598517964,2.726308886174495,46.949925831627674,inf,inf,inf,1.0,0.0,0.0
ou_alpha0.3_nu0.25,ou,0.3,0.25,known,sigmoid,1.0,500,200,0.6098245377686271,-0.005775710505534543,0.0013130092206166419,0.019401893755898725,0.018568754473169823,nan,nan,0.055428463064781115,0.012816046603486486,0.053340298202930625,0.07405930929131335,3.4974868099545855,2.781075064711382,2.726308886174495,46.949925831627674,inf,inf,inf,1.0,0.0,0.0
ou_alpha0.3_nu0.25,ou,0.3,0.25,known,sigmoid,1.0,1000,200,0.6098245377686271,-0.0024330708396983936,0.0009828618726077617,0.014076835879400305,0.013899765901813138,nan,nan,0.037824610775683117,0.008327696264498665,0.03679473938074829,0.04886804145660158,2.376524771519799,2.7413458538033217,2.726308886174495,46.949925831627674,inf,inf,inf,1.0,0.0,0.0
ou_alpha0.3_nu0.25,ou,0.3,0.25,known,occ_c0,0.5,25,200,0.5910152448580639,-0.06313407368786277,0.006158702322227079,0.10739601717424964,0.0870972035071221,nan,nan,0.2476718248057387,0.07642320890328172,0.2348548175332301,0.34861624345727593,15.643111752761678,3.29297231858729,2.726308886174495,46.949925831627674,inf,inf,inf,1.0,0.0,0.0
ou_alpha0.3_nu0.25,ou,0.3,0.25,known,occ_c0,0.5,50,200,0.5910152448580639,-0.042507572676475064,0.003974912170267138,0.07036390523806957,0.056213747004336595,nan,nan,0.1739875138770317,0.051390820874704625,0.16653752556560408,0.2400703926679208,11.13687946778843,3.1034405953332875,2.726308886174495,46.949925831627674,inf,inf,inf,1.0,0.0,0.0
ou_alpha0.3_nu0.25,ou,0.3,0.25,known,occ_c0,0.5,100,200,0.5910152448580639,-0.02204262829199929,0.003131573631592193,0.04937024803083197,0.04428713901367646,nan,nan,0.12149702570897097,0.0374214942170052,0.11297510433910818,0.17109348912405464,7.8671529815452,2.9598098632960874,2.726308886174495,46.949925831627674,inf,inf,inf,1.0,0.0,0.0
ou_alpha0.3_nu0.25,ou,0.3,0.25,known,occ_c0,0.5,250,200,0.5910152448580639,-0.012321630151901464,0.0018665960498076555,0.0290718859281368,0.026397654491100316,nan,nan,0.07684717416105344,0.018758391419899576,0.07416884154869341,0.10310676695998741,4.958336134439391,2.8400352598517964,2.726308886174495,46.949925831627674,inf,inf,inf,1.0,0.0,0.0
ou_alpha0.3_nu0.25,ou,0.3,0.25,known,occ_c0,0.5,500,200,0.5910152448580639,-0.005090321916398116,0.001287406595095753,0.018860994398246213,0.018206678670729816,nan,nan,0.05408485862824584,0.012347479961216816,0.051724863676194666,0.07167467101483721,3.4974868099545855,2.781075064711382,2.726308886174495,46.949925831627674,inf,inf,inf,1.0,0.0,0.0
ou_alpha0.3_nu0.25,ou,0.3,0.25,known,occ_c0,0.5,1000,200,0.5910152448580639,-0.0021537664077269803,0.0009635535909833631,0.013762172021732001,0.013626705564419701,nan,nan,0.036944333947693274,0.0081312190560668,0.03595531141345232,0.047583135399117404,2.376524771519799,2.7413458538033217,2.726308886174495,46.949925831627674,inf,inf,inf,1.0,0.0,0.0
ou_alpha0.3_nu0.25,ou,0.3,0.25,known,occ_c1,0.5,25,200,0.5503696584710668,-0.06575755101589563,0.00599954063190936,0.10717722979532761,0.08484631729654667,nan,nan,0.23812590447345172,0.06957057912906404,0.22706548157271106,0.33158573556603355,15.643111752761678,3.29297231858729,2.726308886174495,46.949925831627674,inf,inf,inf,1.0,0.0,0.0
ou_alpha0.3_nu0.25,ou,0.3,0.25,known,occ_c1,0.5,50,200,0.5503696584710668,-0.04280735664601231,0.00392344406697427,0.06996970086406928,0.05548587810727266,nan,nan,0.16923534912113852,0.047935207732522855,0.16228757665193916,0.23079587199689933,11.13687946778843,3.1034405953332875,2.726308886174495,46.949925831627674,inf,inf,inf,1.0,0.0,0.0
ou_alpha0.3_nu0.25,ou,0.3,0.25,known,occ_c1,0.5,100,200,0.5503696584710668,-0.02179920996669449,0.003119392026225255,0.04910800618243725,0.04411486509846245,nan,nan,0.1190362487511669,0.0353115197879111,0.11186634792827499,0.16653725125864763,7.8671529815452,2.9598098632960874,2.726308886174495,46.949925831627674,inf,inf,inf,1.0,0.0,0.0
ou_alpha0.3_nu0.25,ou,0.3,0.25,known,occ_c1,0.5,250,200,0.5503696584710668,-0.012060553451747044,0.0018639483386457077,0.028928244467670797,0.026360210200755584,nan,nan,0.07578742876132505,0.01800209058055443,0.07247986617343721,0.10027617085733975,4.958336134439391,2.8400352598517964,2.726308886174495,46.949925831627674,inf,inf,inf,1.0,0.0,0.0
ou_alpha0.3_nu0.25,ou,0.3,0.25,known,occ_c1,0.5,500,200,0.5503696584710668,-0.004970464055765055,0.001291678532634619,0.018887132281842252,0.018267092990780567,nan,nan,0.053677401009378546,0.012016749283900877,0.051263457574270144,0.07076636556728134,3.4974868099545855,2.781075064711382,2.726308886174495,46.949925831627674,inf,inf,inf,1.0,0.0,0.0
ou_alpha0.3_nu0.25,ou,0.3,0.25,known,occ_c1,0.5,1000,200,0.5503696584710668,-0.0021240109994406582,0.0009692859756800096,0.01383744802892082,0.013707773726247076,nan,nan,0.03674440365797677,0.008086201599067143,0.03555662910346635,0.04747331810670885,2.376524771519799,2.7413458538033217,2.726308886174495,46.949925831627674,inf,inf,inf,1.0,0.0,0.0
matern32_alpha0_nu0.25,matern32,0.0,0.25,known,mean,1.0,25,200,0.2736271420758626,0.020539214157161968,0.007269346799719969,0.10458344273458851,0.10280408833757436,nan,nan,0.24355681402367524,0.04801553080334824,0.23659154795209458,0.315965191924613,11.142585541312519,6.572679171697303,10.108976188622627,12.662014195271372,inf,inf,inf,1.0,0.0,0.0
matern32_alpha0_nu0.25,matern32,0.0,0.25,known,mean,1.0,50,200,0.2736271420758626,-0.0023839643384969615,0.005480912904330875,0.07735453530772778,0.07751181363490434,nan,nan,0.19293124435927578,0.03315216970410044,0.18980716188793267,0.23677678744888672,7.8481891140578455,7.728346743830075,10.108976188622627,12.662014195271372,inf,inf,inf,1.0,0.0,0.0
matern32_alpha0_nu0.25,matern32,0.0,0.25,known,mean,1.0,100,200,0.2736271420758626,-0.005531473836833818,0.004654757171112371,0.06589600369438169,0.06582820720940537,nan,nan,0.15179359625423178,0.02729759741210433,0.14914139235506177,0.18856081315335854,5.860838329746491,8.46247502233611,10.108976188622627,12.662014195271372,inf,inf,inf,1.0,0.0,0.0
matern32_alpha0_nu0.25,matern32,0.0,0.25,known,mean,1.0,250,200,0.2736271420758626,-0.012611518289256694,0.0026359970102577917,0.039265735201824144,0.037278627222815,nan,nan,0.10232964960592004,0.019278785109628594,0.09916104955675724,0.13085093420839475,3.8149676123347276,9.29527157304635,10.108976188622627,12.662014195271372,inf,inf,inf,1.0,0.0,0.0
matern32_alpha0_nu0.25,matern32,0.0,0.25,known,mean,1.0,500,200,0.2736271420758626,-0.0052323672957308165,0.0021096871244718025,0.03021726063670716,0.02983548143791919,nan,nan,0.07264046729039976,0.014904405535900094,0.07111630243697949,0.09080876076768458,2.770658453893435,9.604121673620863,10.108976188622627,12.662014195271372,inf,inf,inf,1.0,0.0,0.0
matern32_alpha0_nu0.25,matern32,0.0,0.25,known,mean,1.0,1000,200,0.2736271420758626,-0.005067089492066743,0.001379253058329489,0.02010574188394827,0.01950558381034133,nan,nan,0.05313321735871455,0.01038301106281371,0.053319819542538754,0.0663542608387294,1.996929697886257,9.854486348343984,10.108976188622627,12.662014195271372,inf,inf,inf,1.0,0.0,0.0
matern32_alpha0_nu0.25,matern32,0.0,0.25,known,sigmoid,1.0,25,200,0.26623630130422676,0.021182983469100147,0.007113796529747849,0.10256379917356818,0.10060427532332067,nan,nan,0.23814772979741158,0.047631711230394204,0.22972918728858505,0.3106630440853054,11.142585541312519,6.572679171697303,10.108976188622627,12.662014195271372,inf,inf,inf,1.0,0.0,0.0
matern32_alpha0_nu0.25,matern32,0.0,0.25,known,sigmoid,1.0,50,200,0.26623630130422676,-0.0011903493859604169,0.005360409326639196,0.07562724755890322,0.0758076356960438,nan,nan,0.1883476800096642,0.03264157472511041,0.1851722483457876,0.2304032420330615,7.8481891140578455,7.728346743830075,10.108976188622627,12.662014195271372,inf,inf,inf,1.0,0.0,0.0
matern32_alpha0_nu0.25,matern32,0.0,0.25,known,sigmoid,1.0,100,200,0.26623630130422676,-0.004487811420018151,0.004557039449549876,0.06444141177649401,0.0644462699382266,nan,nan,0.14785025389941484,0.026843636797012654,0.1449004577724731,0.18485916766806718,5.860838329746491,8.46247502233611,10.108976188622627,12.662014195271372,inf,inf,inf,1.0,0.0,0.0
matern32_alpha0_nu0.25,matern32,0.0,0.25,known,sigmoid,1.0,250,200,0.26623630130422676,-0.011719987711917174,0.002572241723560793,0.038131708345790945,0.036376991311616196,nan,nan,0.09935470804651349,0.018833885723768047,0.09616937964521528,0.1268950489434344,3.8149676123347276,9.29527157304635,10.108976188622627,12.662014195271372,inf,inf,inf,1.0,0.0,0.0
matern32_alpha0_nu0.25,matern32,0.0,0.25,known,sigmoid,1.0,500,200,0.26623630130422676,-0.004683462125274323,0.0020555455851369708,0.029372828946860424,0.029069804445768437,nan,nan,0.07052071087556161,0.014515915928133425,0.06929301477891117,0.08817908632364378,2.770658453893435,9.604121673620863,10.108976188622627,12.662014195271372,inf,inf,inf,1.0,0.0,0.0
matern32_alpha0_nu0.25,matern32,0.0,0.25,known,sigmoid,1.0,1000,200,0.26623630130422676,-0.00467589313586718,0.0013431201337588167,0.01951548983925338,0.01899458709058084,nan,nan,0.05153619154162436,0.01009978503585314,0.05163141453111525,0.06430315289522685,1.996929697886257,9.854486348343984,10.108976188622627,12.662014195271372,inf,inf,inf,1.0,0.0,0.0
matern32_alpha0_nu0.25,matern32,0.0,0.25,known,occ_c0,0.5,25,200,0.23984848498187403,0.02457642879190146,0.006627951719850114,0.09667481527417343,0.09373339212966113,nan,nan,0.2213770358984494,0.04742059111326246,0.21043901730038767,0.29148683526595964,11.142585541312519,6.572679171697303,10.108976188622627,12.662014195271372,inf,inf,inf,1.0,0.0,0.0
matern32_alpha0_nu0.25,matern32,0.0,0.25,known,occ_c0,0.5,50,200,0.23984848498187403,0.004340787304415278,0.004987431086614088,0.07049015345651734,0.07053292684090826,nan,nan,0.17419239178418727,0.03178046786932724,0.17127488341447955,0.21541246354945776,7.8481891140578455,7.728346743830075,10.108976188622627,12.662014195271372,inf,inf,inf,1.0,0.0,0.0
matern32_alpha0_nu0.25,matern32,0.0,0.25,known,occ_c0,0.5,100,200,0.23984848498187403,0.0007491982994816842,0.0042546815278308725,0.060024344759786685,0.06017028320236701,nan,nan,0.13564638269020665,0.025972156661671745,0.13255110088475752,0.171117467248146,5.860838329746491,8.46247502233611,10.108976188622627,12.662014195271372,inf,inf,inf,1.0,0.0,0.0
matern32_alpha0_nu0.25,matern32,0.0,0.25,known,occ_c0,0.5,250,200,0.23984848498187403,-0.0071612711673383475,0.0023762084953170832,0.03427697186978963,0.03360466281103584,nan,nan,0.08993632568985593,0.0175281310099469,0.08681254771964472,0.11715290523746452,3.8149676123347276,9.29527157304635,10.108976188622627,12.662014195271372,inf,inf,inf,1.0,0.0,0.0
matern32_alpha0_nu0.25,matern32,0.0,0.25,known,occ_c0,0.5,500,200,0.23984848498187403,-0.0015205630821704494,0.0018880775270214696,0.026677980151194314,0.026701448455256162,nan,nan,0.06363859997182528,0.013468671875217187,0.06304250650172995,0.0808458460504115,2.770658453893435,9.604121673620863,10.108976188622627,12.662014195271372,inf,inf,inf,1.0,0.0,0.0
matern32_alpha0_nu0.25,matern32,0.0,0.25,known,occ_c0,0.5,1000,200,0.23984848498187403,-0.0023530495445946084,0.0012312463754327525,0.017527532682199132,0.01741245322759714,nan,nan,0.046393908798752506,0.009179094941110955,0.04677160151045853,0.059245655604385744,1.996929697886257,9.854486348343984,10.108976188622627,12.662014195271372,inf,inf,inf,1.0,0.0,0.0
matern32_alpha0_nu0.25,matern32,0.0,0.25,known,occ_c1,0.5,25,200,0.20836523630016376,0.017765595474398498,0.004795805022534637,0.06994687841197411,0.0678229250536549,nan,nan,0.15868430519410487,0.04282946230118372,0.14954387170563135,0.21484320598187354,11.142585541312519,6.572679171697303,10.108976188622627,12.662014195271372,inf,inf,inf,1.0,0.0,0.0
matern32_alpha0_nu0.25,matern32,0.0,0.25,known,occ_c1,0.5,50,200,0.20836523630016376,0.0025066920660086005,0.003820521300528736,0.05395334765948035,0.05403033038543034,nan,nan,0.13235209605582768,0.026713723155556143,0.12993363501755406,0.17121939880154663,7.8481891140578455,7.728346743830075,10.108976188622627,12.662014195271372,inf,inf,inf,1.0,0.0,0.0
matern32_alpha0_nu0.25,matern32,0.0,0.25,known,occ_c1,0.5,100,200,0.20836523630016376,0.0004351882458513756,0.00340578464391815,0.04804647570757208,0.0481650683395107,nan,nan,0.10616118319622467,0.020958124934338206,0.10242247532765221,0.1326522540674858,5.860838329746491,8.46247502233611,10.108976188622627,12.662014195271372,inf,inf,inf,1.0,0.0,0.0
matern32_alpha0_nu0.25,matern32,0.0,0.25,known,occ_c1,0.5,250,200,0.20836523630016376,-0.005655551428644343,0.0019198766491442115,0.027667392453933078,0.027151155953031563,nan,nan,0.07156218766288815,0.014264066929633917,0.06933126721970714,0.09259438081256498,3.8149676123347276,9.29527157304635,10.108976188622627,12.662014195271372,inf,inf,inf,1.0,0.0,0.0
matern32_alpha0_nu0.25,matern32,0.0,0.25,known,occ_c1,0.5,500,200,0.20836523630016376,-0.0009642727055284484,0.0015285582640533527,0.021584517710738434,0.021617078279017262,nan,nan,0.050890359874595885,0.011022699436204717,0.050021462141348144,0.06646375678387235,2.770658453893435,9.604121673620863,10.108976188622627,12.662014195271372,inf,inf,inf,1.0,0.0,0.0
matern32_alpha0_nu0.25,matern32,0.0,0.25,known,occ_c1,0.5,1000,200,0.20836523630016376,-0.001703293219481798,0.0009913689731872357,0.014088324369853114,0.014020074471972779,nan,nan,0.037215622464556106,0.007355096650258735,0.0373740625939671,0.046824259416834955,1.996929697886257,9.854486348343984,10.108976188622627,12.662014195271372,inf,inf,inf,1.0,0.0,0.0
matern32_alpha0.3_nu0.25,matern32,0.3,0.25,known,mean,1.0,25,200,0.6195355393978201,-0.06010486417458342,0.005804099690875381,0.10156978767599863,0.08208236500201453,nan,nan,0.2543997260042069,0.0790030475201343,0.24765454948194135,0.36203582934331857,15.882066553911873,3.286872719574553,2.721009798623047,47.04135944853038,inf,inf,inf,1.0,0.0,0.0
matern32_alpha0.3_nu0.25,matern32,0.3,0.25,known,mean,1.0,50,200,0.6195355393978201,-0.045122377656130565,0.0041149997023361695,0.07352373938285238,0.0581948838820506,nan,nan,0.19226098581208745,0.06398126658500984,0.18715013225676616,0.27997643009186585,11.913588406932174,3.1817868443942605,2.721009798623047,47.04135944853038,inf,inf,inf,1.0,0.0,0.0
matern32_alpha0.3_nu0.25,matern32,0.3,0.25,known,mean,1.0,100,200,0.6195355393978201,-0.04053552636931705,0.003298769979356607,0.061714047752531774,0.046651652439553284,nan,nan,0.1366890021365501,0.0408453310352347,0.13093699071871318,0.1921061165256955,8.841016090062237,3.0456741926090434,2.721009798623047,47.04135944853038,inf,inf,inf,1.0,0.0,0.0
matern32_alpha0.3_nu0.25,matern32,0.3,0.25,known,mean,1.0,250,200,0.6195355393978201,-0.019720822368246013,0.0020468874635416506,0.03496670908553309,0.028947360115920667,nan,nan,0.0826341808431425,0.022113789990914644,0.07811769573476113,0.11357590847239868,5.275957852844267,2.885322342327443,2.721009798623047,47.04135944853038,inf,inf,inf,1.0,0.0,0.0
matern32_alpha0.3_nu0.25,matern32,0.3,0.25,known,mean,1.0,500,200,0.6195355393978201,-0.01323672037187077,0.001388321675604545,0.023638332092574293,0.01963383342576488,nan,nan,0.05831400060965951,0.014506449176146822,0.056111109659640446,0.07815829129182059,3.7866571767464707,2.817607620018766,2.721009798623047,47.04135944853038,inf,inf,inf,1.0,0.0,0.0
matern32_alpha0.3_nu0.25,matern32,0.3,0.25,known,mean,1.0,1000,200,0.6195355393978201,-0.008985381622057462,0.0010000814640188853,0.01672631181385081,0.01414328769893448,nan,nan,0.04061876074671326,0.009102845259844596,0.03871055561665193,0.053935120259161695,2.5746349050419446,2.7868395498266567,2.721009798623047,47.04135944853038,inf,inf,inf,1.0,0.0,0.0
matern32_alpha0.3_nu0.25,matern32,0.3,0.25,known,sigmoid,1.0,25,200,0.612195767804171,-0.059381187142334466,0.005753953884311657,0.10057143959239723,0.08137319620462896,nan,nan,0.2517693710958596,0.0779463919551267,0.2448500070184977,0.35773171473324694,15.882066553911873,3.286872719574553,2.721009798623047,47.04135944853038,inf,inf,inf,1.0,0.0,0.0
matern32_alpha0.3_nu0.25,matern32,0.3,0.25,known,sigmoid,1.0,50,200,0.612195767804171,-0.04411317300367517,0.0040848069600579314,0.07257007623489713,0.05776789402589941,nan,nan,0.19009331698992285,0.06309943424971359,0.18485375158739475,0.27667054061370333,11.913588406932174,3.1817868443942605,2.721009798623047,47.04135944853038,inf,inf,inf,1.0,0.0,0.0
matern32_alpha0.3_nu0.25,matern32,0.3,0.25,known,sigmoid,1.0,100,200,0.612195767804171,-0.039567767536709,0.0032722743484138654,0.06079848954279402,0.04627694763332471,nan,nan,0.13510551829860884,0.04022701740394894,0.1290240092765292,0.18970079598365067,8.841016090062237,3.0456741926090434,2.721009798623047,47.04135944853038,inf,inf,inf,1.0,0.0,0.0
matern32_alpha0.3_nu0.25,matern32,0.3,0.25,known,sigmoid,1.0,250,200,0.612195767804171,-0.01905454019508707,0.0020318701960986662,0.034418691205669066,0.02873498388304414,nan,nan,0.08162514166129757,0.021785809291359884,0.07699143516961565,0.11209315828270817,5.275957852844267,2.885322342327443,2.721009798623047,47.04135944853038,inf,inf,inf,1.0,0.0,0.0
matern32_alpha0.3_nu0.25,matern32,0.3,0.25,known,sigmoid,1.0,500,200,0.612195767804171,-0.012758050119683072,0.0013780502273042213,0.0232523828074031,0.019488573210849562,nan,nan,0.057661750222644484,0.014234449701099503,0.05532707092033762,0.07714538507625919,3.7866571767464707,2.817607620018766,2.721009798623047,47.04135944853038,inf,inf,inf,1.0,0.0,0.0
matern32_alpha0.3_nu0.25,matern32,0.3,0.25,known,sigmoid,1.0,1000,200,0.612195767804171,-0.008653164158296646,0.000993280446443979,0.016468510951592796,0.01404710678601078,nan,nan,0.04015909776471837,0.00895562610343668,0.03815233400381146,0.053245810751817786,2.5746349050419446,2.7868395498266567,2.721009798623047,47.04135944853038,inf,inf,inf,1.0,0.0,0.0
matern32_alpha0.3_nu0.25,matern32,0.3,0.25,known,occ_c0,0.5,25,200,0.5875011953951857,-0.05371118759268415,0.005622064990865278,0.09578521289926538,0.07950800558624647,nan,nan,0.24135569803343565,0.07403099842313657,0.2335944841436139,0.3422535241935421,15.882066553911873,3.286872719574553,2.721009798623047,47.04135944853038,inf,inf,inf,1.0,0.0,0.0
matern32_alpha0.3_nu0.25,matern32,0.3,0.25,known,occ_c0,0.5,50,200,0.5875011953951857,-0.03792009198722558,0.004006946218608247,0.06806615427717815,0.05666677686055372,nan,nan,0.18106666844644048,0.05995586376301215,0.17469949874059423,0.2637032357690498,11.913588406932174,3.1817868443942605,2.721009798623047,47.04135944853038,inf,inf,inf,1.0,0.0,0.0
matern32_alpha0.3_nu0.25,matern32,0.3,0.25,known,occ_c0,0.5,100,200,0.5875011953951857,-0.0337704363606195,0.0032052322803687284,0.05643466711374382,0.045328829614534986,nan,nan,0.12832962863114117,0.03776577320727207,0.12093491441124352,0.18016510413383485,8.841016090062237,3.0456741926090434,2.721009798623047,47.04135944853038,inf,inf,inf,1.0,0.0,0.0
matern32_alpha0.3_nu0.25,matern32,0.3,0.25,known,occ_c0,0.5,250,200,0.5875011953951857,-0.014774195340079302,0.0019877348528573296,0.031694537812599614,0.02811081587312524,nan,nan,0.07698690466636612,0.020282668690522206,0.07265566763144476,0.10616721155196031,5.275957852844267,2.885322342327443,2.721009798623047,47.04135944853038,inf,inf,inf,1.0,0.0,0.0
matern32_alpha0.3_nu0.25,matern32,0.3,0.25,known,occ_c0,0.5,500,200,0.5875011953951857,-0.009485513096233113,0.0013496625947077645,0.02127137027767407,0.019087111460633827,nan,nan,0.05466025325308596,0.01285481403060409,0.05255654912667346,0.07235843566994686,3.7866571767464707,2.817607620018766,2.721009798623047,47.04135944853038,inf,inf,inf,1.0,0.0,0.0
matern32_alpha0.3_nu0.25,matern32,0.3,0.25,known,occ_c0,0.5,1000,200,0.5875011953951857,-0.006280559011738736,0.0009728774951337062,0.015092947193537846,0.01375856548145652,nan,nan,0.03794274492037271,0.008286910760884666,0.03641066538006704,0.05030660852360965,2.5746349050419446,2.7868395498266567,2.721009798623047,47.04135944853038,inf,inf,inf,1.0,0.0,0.0
matern32_alpha0.3_nu0.25,matern32,0.3,0.25,known,occ_c1,0.5,25,200,0.5443516254451746,-0.05505251717548765,0.005492031200243469,0.09504261455548485,0.07766905008360502,nan,nan,0.23029486925898518,0.06691636883846142,0.22479842458920724,0.31892395700642423,15.882066553911873,3.286872719574553,2.721009798623047,47.04135944853038,inf,inf,inf,1.0,0.0,0.0
matern32_alpha0.3_nu0.25,matern32,0.3,0.25,known,occ_c1,0.5,50,200,0.5443516254451746,-0.037136670631654094,0.003955873306413295,0.06703185880807884,0.055944496809593805,nan,nan,0.17419331889165923,0.055195734110158545,0.1677693093983994,0.24961065476188163,11.913588406932174,3.1817868443942605,2.721009798623047,47.04135944853038,inf,inf,inf,1.0,0.0,0.0
matern32_alpha0.3_nu0.25,matern32,0.3,0.25,known,occ_c1,0.5,100,200,0.5443516254451746,-0.03228827575519843,0.003165016521558145,0.05509973990872555,0.04476009289922446,nan,nan,0.12434210447210642,0.035286670705523396,0.1183121929301095,0.1732149275618858,8.841016090062237,3.0456741926090434,2.721009798623047,47.04135944853038,inf,inf,inf,1.0,0.0,0.0
matern32_alpha0.3_nu0.25,matern32,0.3,0.25,known,occ_c1,0.5,250,200,0.5443516254451746,-0.013459803472870967,0.001977708149461383,0.03097613411794727,0.02796901687384084,nan,nan,0.07490468990099462,0.019281474484973932,0.07126224767503025,0.10227939685334185,5.275957852844267,2.885322342327443,2.721009798623047,47.04135944853038,inf,inf,inf,1.0,0.0,0.0
matern32_alpha0.3_nu0.25,matern32,0.3,0.25,known,occ_c1,0.5,500,200,0.5443516254451746,-0.00846435712825888,0.0013496466764041028,0.020835859129618495,0.01908688634182454,nan,nan,0.05357172888442888,0.012204796424764372,0.05106070426137957,0.07023591518146066,3.7866571767464707,2.817607620018766,2.721009798623047,47.04135944853038,inf,inf,inf,1.0,0.0,0.0
matern32_alpha0.3_nu0.25,matern32,0.3,0.25,known,occ_c1,0.5,1000,200,0.5443516254451746,-0.00555101473306683,0.0009743124994281524,0.014823004048726758,0.013778859506809217,nan,nan,0.03718022890539604,0.00800464974837634,0.036030461285206844,0.049036221945963666,2.5746349050419446,2.7868395498266567,2.721009798623047,47.04135944853038,inf,inf,inf,1.0,0.0,0.0
ou_alpha0_nu0,ou,0.0,0.0,known,mean,1.0,25,200,0.26799418107294054,0.047247226877448575,0.006960497100920584,0.1089658474298344,0.098436294009805,0.84,0.3534771609606475,0.2568378862731229,0.057172158873823466,0.25186684348977123,0.3437636983997118,11.95761987016515,6.2915670720714605,10.182959306742681,12.570019789359696,inf,inf,inf,1.0,0.0,0.0
ou_alpha0_nu0,ou,0.0,0.0,known,mean,1.0,50,200,0.26799418107294054,0.02185056782007176,0.005816055036629885,0.08490535940499881,0.08225143912310333,0.875,0.2642908593715035,0.19594021478576906,0.04260343486561442,0.1913157226431081,0.2533142237509835,7.99606862406958,7.455650894327443,10.182959306742681,12.570019789359696,inf,inf,inf,1.0,0.0,0.0
ou_alpha0_nu0,ou,0.0,0.0,known,mean,1.0,100,200,0.26799418107294054,0.016212459289226426,0.0038499181289080833,0.056678001786094695,0.05444606431927861,0.92,0.19853550419406696,0.14123578437629003,0.030623005283363244,0.1379759922087962,0.18075875759008087,5.634673889828775,8.289063822497786,10.182959306742681,12.570019789359696,inf,inf,inf,1.0,0.0,0.0
ou_alpha0_nu0,ou,0.0,0.0,known,mean,1.0,250,200,0.26799418107294054,0.005287369153673752,0.0023352078794753937,0.03336378642779698,0.03302482654114618,0.925,0.13011365085391882,0.08977766619563197,0.020235278782922143,0.08929428123885054,0.11628219335160535,3.4834819489930826,9.208888836680492,10.182959306742681,12.570019789359696,inf,inf,inf,1.0,0.0,0.0
ou_alpha0_nu0,ou,0.0,0.0,known,mean,1.0,500,200,0.26799418107294054,0.0019623394895980487,0.0015537400597831661,0.022005869734551743,0.021973202649477372,0.955,0.09359140749403387,0.062066637121351714,0.01325327214078387,0.06084821124396102,0.07990535012052757,2.4211486776927615,9.635909730593749,10.182959306742681,12.570019789359696,inf,inf,inf,1.0,0.0,0.0
ou_alpha0_nu0,ou,0.0,0.0,known,mean,1.0,1000,200,0.26799418107294054,0.0011996658520755652,0.0012649712412202787,0.01788489569828117,0.01788939485345646,0.925,0.06575349643353771,0.04603382315519104,0.010510850738425939,0.045197003928313675,0.060320450836750146,1.708588176398369,9.862872717829852,10.182959306742681,12.570019789359696,inf,inf,inf,1.0,0.0,0.0
ou_alpha0_nu0,ou,0.0,0.0,known,sigmoid,1.0,25,200,0.26258063840905604,0.045642714422989596,0.006817178120122021,0.10644983309837174,0.09640945754589683,0.845,0.3461636268681971,0.2510160451896881,0.056280841983966816,0.24617535740771562,0.33562082958545314,11.95761987016515,6.2915670720714605,10.182959306742681,12.570019789359696,inf,inf,inf,1.0,0.0,0.0
ou_alpha0_nu0,ou,0.0,0.0,known,sigmoid,1.0,50,200,0.26258063840905604,0.021219857937741723,0.0057151916503095975,0.08336847170994488,0.08082501543429305,0.875,0.2590708098959445,0.1917910509431602,0.04202822414420484,0.1871010690044252,0.24891544338673338,7.99606862406958,7.455650894327443,10.182959306742681,12.570019789359696,inf,inf,inf,1.0,0.0,0.0
ou_alpha0_nu0,ou,0.0,0.0,known,sigmoid,1.0,100,200,0.26258063840905604,0.01570242008999267,0.003776094568331296,0.05553454010154264,0.053402041513374965,0.93,0.19481493605900208,0.13823984402592113,0.030049147994381895,0.1347665614296012,0.1767856372131346,5.634673889828775,8.289063822497786,10.182959306742681,12.570019789359696,inf,inf,inf,1.0,0.0,0.0
ou_alpha0_nu0,ou,0.0,0.0,known,sigmoid,1.0,250,200,0.26258063840905604,0.005117445097668543,0.0022948782364816686,0.03277521933203221,0.03245447926027227,0.925,0.127733907522143,0.08791631583174425,0.019939563297504827,0.08726857862961142,0.11436617658883412,3.4834819489930826,9.208888836680492,10.182959306742681,12.570019789359696,inf,inf,inf,1.0,0.0,0.0
ou_alpha0_nu0,ou,0.0,0.0,known,sigmoid,1.0,500,200,0.26258063840905604,0.0018877345584738464,0.0015249920259039563,0.021595325348285826,0.021566644055441973,0.95,0.09190466583866737,0.060805241992510195,0.01300770361794218,0.059609011716196744,0.07831470894828979,2.4211486776927615,9.635909730593749,10.182959306742681,12.570019789359696,inf,inf,inf,1.0,0.0,0.0
ou_alpha0_nu0,ou,0.0,0.0,known,sigmoid,1.0,1000,200,0.26258063840905604,0.0011586689141536491,0.0012425075941209832,0.017565981692488478,0.017571710909574594,0.925,0.06460928350260253,0.04508874126596819,0.01032017040417617,0.04425987392984593,0.05918306865257235,1.708588176398369,9.862872717829852,10.182959306742681,12.570019789359696,inf,inf,inf,1.0,0.0,0.0
ou_alpha0_nu0,ou,0.0,0.0,known,occ_c0,0.5,25,200,0.24401651828426504,0.04072245852196887,0.0063826612415332695,0.09881929552665061,0.09026446091809447,0.865,0.3231847618442892,0.23244843388733052,0.05376263310820129,0.22404791426329101,0.3156792147358911,11.95761987016515,6.2915670720714605,10.182959306742681,12.570019789359696,inf,inf,inf,1.0,0.0,0.0
ou_alpha0_nu0,ou,0.0,0.0,known,occ_c0,0.5,50,200,0.24401651828426504,0.019368575950564414,0.005400890738514557,0.078612316258064,0.07638012931302528,0.88,0.24311470551677986,0.17863247489438494,0.04030854258454329,0.17438837251032613,0.23419626324481654,7.99606862406958,7.455650894327443,10.182959306742681,12.570019789359696,inf,inf,inf,1.0,0.0,0.0
ou_alpha0_nu0,ou,0.0,0.0,known,occ_c0,0.5,100,200,0.24401651828426504,0.014159443826248595,0.003545013315942933,0.05197448039279487,0.050134059101997135,0.925,0.18344909679973978,0.12870299204447924,0.02827106925861829,0.1254104442837743,0.16335867403567234,5.634673889828775,8.289063822497786,10.182959306742681,12.570019789359696,inf,inf,inf,1.0,0.0,0.0
ou_alpha0_nu0,ou,0.0,0.0,known,occ_c0,0.5,250,200,0.24401651828426504,0.004629027847957268,0.002167720950513958,0.030927846814113886,0.030656203676571365,0.935,0.12026199957262815,0.08196892191765688,0.018958025823512154,0.0810648546207342,0.10823883860588483,3.4834819489930826,9.208888836680492,10.182959306742681,12.570019789359696,inf,inf,inf,1.0,0.0,0.0
ou_alpha0_nu0,ou,0.0,0.0,known,occ_c0,0.5,500,200,0.24401651828426504,0.0016648651692164778,0.0014340963628585379,0.02029880832084789,0.020281185261044717,0.95,0.0866536088607402,0.05674012831211248,0.012224872983833011,0.055202587764010796,0.07357969260857881,2.4211486776927615,9.635909730593749,10.182959306742681,12.570019789359696,inf,inf,inf,1.0,0.0,0.0
ou_alpha0_nu0,ou,0.0,0.0,known,occ_c0,0.5,1000,200,0.24401651828426504,0.0010391797906653907,0.001171060042532322,0.01655248735559923,0.016561289945024236,0.92,0.06098716682480317,0.04204848328152323,0.009704813842771626,0.04128965638520732,0.055444917636764735,1.708588176398369,9.862872717829852,10.182959306742681,12.570019789359696,inf,inf,inf,1.0,0.0,0.0
ou_alpha0_nu0,ou,0.0,0.0,known,occ_c1,0.5,25,200,0.2131886770478779,0.031501528009758,0.004816870413792969,0.07489721051562002,0.06812083467379719,0.85,0.2297243833220324,0.17384929598986304,0.049884110151168524,0.1637598659839763,0.24807895243082945,11.95761987016515,6.2915670720714605,10.182959306742681,12.570019789359696,inf,inf,inf,1.0,0.0,0.0
ou_alpha0_nu0,ou,0.0,0.0,known,occ_c1,0.5,50,200,0.2131886770478779,0.015729808155015658,0.004402702675472447,0.06406872281751395,0.06226361834749446,0.875,0.18879968583744386,0.1418690846312192,0.036582633194819456,0.1326963181776482,0.1925636307818294,7.99606862406958,7.455650894327443,10.182959306742681,12.570019789359696,inf,inf,inf,1.0,0.0,0.0
ou_alpha0_nu0,ou,0.0,0.0,known,occ_c1,0.5,100,200,0.2131886770478779,0.011500983844891536,0.002924864484118344,0.04283321429966904,0.041363830215435486,0.92,0.14854756113020126,0.1046306019059688,0.02426263502147318,0.10072504962000106,0.1331159910921285,5.634673889828775,8.289063822497786,10.182959306742681,12.570019789359696,inf,inf,inf,1.0,0.0,0.0
ou_alpha0_nu0,ou,0.0,0.0,known,occ_c1,0.5,250,200,0.2131886770478779,0.003564800901692995,0.001834030938156904,0.026116623679371984,0.02593711426553345,0.945,0.10045097570085636,0.06794823638075843,0.0165610780230207,0.06662863363950974,0.09211223413132588,3.4834819489930826,9.208888836680492,10.182959306742681,12.570019789359696,inf,inf,inf,1.0,0.0,0.0
ou_alpha0_nu0,ou,0.0,0.0,known,occ_c1,0.5,500,200,0.2131886770478779,0.0013540296122157116,0.0012081343075548766,0.017096534991157892,0.017085599229123345,0.965,0.07278562365156793,0.04723515974831906,0.010380992593411043,0.04571309774764036,0.060648705772867226,2.4211486776927615,9.635909730593749,10.182959306742681,12.570019789359696,inf,inf,inf,1.0,0.0,0.0
ou_alpha0_nu0,ou,0.0,0.0,known,occ_c1,0.5,1000,200,0.2131886770478779,0.0007853453483286926,0.000990061510068625,0.013988599081619835,0.014001584151226359,0.92,0.05170970743242147,0.035090140898394115,0.008207032229076839,0.03462377794402316,0.045861566989862615,1.708588176398369,9.862872717829852,10.182959306742681,12.570019789359696,inf,inf,inf,1.0,0.0,0.0
ou_alpha0.3_nu0,ou,0.3,0.0,known,mean,1.0,25,200,0.6161001196816845,-0.00461632065244696,0.004867895192581123,0.06882510249866057,0.06884243401559013,nan,nan,0.2020615273395801,0.061249646597983896,0.18474366883713886,0.284713320647869,13.527646652907611,2.8571925805147753,2.726308886174495,46.949925831627674,inf,inf,inf,1.0,0.0,0.0
ou_alpha0.3_nu0,ou,0.3,0.0,known,mean,1.0,50,200,0.6161001196816845,-0.00115650673333438,0.003655061800139248,0.05157396032523432,0.05169037969068744,nan,nan,0.13973308386785044,0.04083478463997862,0.13147927390858416,0.1926787502244959,9.181682493628855,2.802678743724848,2.726308886174495,46.949925831627674,inf,inf,inf,1.0,0.0,0.0
ou_alpha0.3_nu0,ou,0.3,0.0,known,mean,1.0,100,200,0.6161001196816845,0.001101456114368407,0.002803486531691088,0.039563379728142174,0.03964728675047846,nan,nan,0.09750495182404473,0.023648811136974732,0.09342673266599041,0.12542223709850808,6.640363053357674,2.7273707399636966,2.726308886174495,46.949925831627674,inf,inf,inf,1.0,0.0,0.0
ou_alpha0.3_nu0,ou,0.3,0.0,known,mean,1.0,250,200,0.6161001196816845,0.00045743064600589964,0.001640326961745027,0.02314418023045993,0.023197726360260705,nan,nan,0.06229634226778259,0.015087893034206724,0.060496731235432866,0.08025568694382092,4.189653448382104,2.743808629547074,2.726308886174495,46.949925831627674,inf,inf,inf,1.0,0.0,0.0
ou_alpha0.3_nu0,ou,0.3,0.0,known,mean,1.0,500,200,0.6161001196816845,0.000989648736757583,0.0011646722023797567,0.01645950215171748,0.01647095224324394,nan,nan,0.04411161349406991,0.009168268950460355,0.04216191721685769,0.05749064754540126,2.8841459003932624,2.730206809458439,2.726308886174495,46.949925831627674,inf,inf,inf,1.0,0.0,0.0
ou_alpha0.3_nu0,ou,0.3,0.0,known,mean,1.0,1000,200,0.6161001196816845,5.77535450145722e-05,0.0008532992382654946,0.012037405612790156,0.012067473555176936,nan,nan,0.031432306706817376,0.007336848049619167,0.029613674781820087,0.041177499903335336,2.092678135773844,2.729498141910326,2.726308886174495,46.949925831627674,inf,inf,inf,1.0,0.0,0.0
ou_alpha0.3_nu0,ou,0.3,0.0,known,sigmoid,1.0,25,200,0.6098245377686271,-0.005891422589638724,0.004832060030948098,0.06841871735515251,0.06833564829967759,nan,nan,0.2006506488111536,0.06091672201076867,0.18418110381019462,0.2828734012313709,13.527646652907611,2.8571925805147753,2.726308886174495,46.949925831627674,inf,inf,inf,1.0,0.0,0.0
ou_alpha0.3_nu0,ou,0.3,0.0,known,sigmoid,1.0,50,200,0.6098245377686271,-0.001818958811585123,0.0036269737343926343,0.051197083575952644,0.051293154455490556,nan,nan,0.1388058515890107,0.04059513177141459,0.1300990391719689,0.19164780831469042,9.181682493628855,2.802678743724848,2.726308886174495,46.949925831627674,inf,inf,inf,1.0,0.0,0.0
ou_alpha0.3_nu0,ou,0.3,0.0,known,sigmoid,1.0,100,200,0.6098245377686271,0.000695417115441537,0.0027829447060175538,0.0392644250063327,0.03935678146584431,nan,nan,0.09683073337453055,0.02349921625004685,0.09254065424398228,0.12471299216968222,6.640363053357674,2.7273707399636966,2.726308886174495,46.949925831627674,inf,inf,inf,1.0,0.0,0.0
ou_alpha0.3_nu0,ou,0.3,0.0,known,sigmoid,1.0,250,200,0.6098245377686271,0.0002929811244555902,0.0016289068235679118,0.02298042620302422,0.023036221217318194,nan,nan,0.06187504194839916,0.014981639454849066,0.06015377789842341,0.07949890621850574,4.189653448382104,2.743808629547074,2.726308886174495,46.949925831627674,inf,inf,inf,1.0,0.0,0.0
ou_alpha0.3_nu0,ou,0.3,0.0,known,sigmoid,1.0,500,200,0.6098245377686271,0.0009078368902958723,0.0011566275067371834,0.016341475407632432,0.01635718306641503,nan,nan,0.04382198643239997,0.009098420855894214,0.04187302365700252,0.05714749695003002,2.8841459003932624,2.730206809458439,2.726308886174495,46.949925831627674,inf,inf,inf,1.0,0.0,0.0
ou_alpha0.3_nu0,ou,0.3,0.0,known,sigmoid,1.0,1000,200,0.6098245377686271,1.5558197763225757e-05,0.0008470618644377707,0.011949288208604364,0.011979263768569354,nan,nan,0.031219399657102728,0.007283742394439918,0.029462772915388125,0.040865384657534795,2.092678135773844,2.729498141910326,2.726308886174495,46.949925831627674,inf,inf,inf,1.0,0.0,0.0
ou_alpha0.3_nu0,ou,0.3,0.0,known,occ_c0,0.5,25,200,0.5910152448580639,-0.00868093057473556,0.004740936675504649,0.06744018229002091,0.06704696944850688,nan,nan,0.19614806727627723,0.059773683742351806,0.18014591957278375,0.2767631941680267,13.527646652907611,2.8571925805147753,2.726308886174495,46.949925831627674,inf,inf,inf,1.0,0.0,0.0
ou_alpha0.3_nu0,ou,0.3,0.0,known,occ_c0,0.5,50,200,0.5910152448580639,-0.003274823361525148,0.003551097759147353,0.05020132699200728,0.05022010612298893,nan,nan,0.13576060061197118,0.03985120341544863,0.1269827241579985,0.18810158245754316,9.181682493628855,2.802678743724848,2.726308886174495,46.949925831627674,inf,inf,inf,1.0,0.0,0.0
ou_alpha0.3_nu0,ou,0.3,0.0,known,occ_c0,0.5,100,200,0.5910152448580639,-0.00020560098500231245,0.00272976280794643,0.03850859208419469,0.03860467585059504,nan,nan,0.09468467512015702,0.023123141745948046,0.09043575109010563,0.12295777264337412,6.640363053357674,2.7273707399636966,2.726308886174495,46.949925831627674,inf,inf,inf,1.0,0.0,0.0
ou_alpha0.3_nu0,ou,0.3,0.0,known,occ_c0,0.5,250,200,0.5910152448580639,-0.0001201160244631877,0.001600879539740376,0.02258350443820545,0.02263985556826438,nan,nan,0.06053397320369034,0.014718660667726039,0.05878260062170215,0.07766215091787723,4.189653448382104,2.743808629547074,2.726308886174495,46.949925831627674,inf,inf,inf,1.0,0.0,0.0
ou_alpha0.3_nu0,ou,0.3,0.0,known,occ_c0,0.5,500,200,0.5910152448580639,0.0007075342488472164,0.0011355282315579887,0.016034215081558223,0.01605879425526844,nan,nan,0.042874567148259615,0.008937403481344032,0.04120221510835009,0.05592049958631609,2.8841459003932624,2.730206809458439,2.726308886174495,46.949925831627674,inf,inf,inf,1.0,0.0,0.0
ou_alpha0.3_nu0,ou,0.3,0.0,known,occ_c0,0.5,1000,200,0.5910152448580639,-8.533286269660267e-05,0.0008318853339716082,0.011735497018191848,0.0117646352164192,nan,nan,0.03054520596268383,0.007155696578823567,0.028958636526471626,0.040014950521743066,2.092678135773844,2.729498141910326,2.726308886174495,46.949925831627674,inf,inf,inf,1.0,0.0,0.0
ou_alpha0.3_nu0,ou,0.3,0.0,known,occ_c1,0.5,25,200,0.5503696584710668,-0.012846891203000706,0.004768296791389735,0.06848092301835956,0.06743389991803476,nan,nan,0.19100216148959695,0.05467447206936394,0.17605246710199238,0.2663086111170416,13.527646652907611,2.8571925805147753,2.726308886174495,46.949925831627674,inf,inf,inf,1.0,0.0,0.0
ou_alpha0.3_nu0,ou,0.3,0.0,known,occ_c1,0.5,50,200,0.5503696584710668,-0.005175992672498078,0.0035512029813607633,0.05036256924041946,0.05022159418980161,nan,nan,0.1336666722306426,0.03787666991501653,0.12605011717063597,0.18331870443709708,9.181682493628855,2.802678743724848,2.726308886174495,46.949925831627674,inf,inf,inf,1.0,0.0,0.0
ou_alpha0.3_nu0,ou,0.3,0.0,known,occ_c1,0.5,100,200,0.5503696584710668,-0.001123421188501577,0.002739498298628979,0.038661704694397496,0.03874235648019122,nan,nan,0.09391681589908693,0.02248192582532019,0.0899549107747463,0.12173453306670165,6.640363053357674,2.7273707399636966,2.726308886174495,46.949925831627674,inf,inf,inf,1.0,0.0,0.0
ou_alpha0.3_nu0,ou,0.3,0.0,known,occ_c1,0.5,250,200,0.5503696584710668,-0.0005310897679427429,0.0016160797575852824,0.02280379571768958,0.0228548191105373,nan,nan,0.0600816040559207,0.014446131007823756,0.05809116764316424,0.07719093119782235,4.189653448382104,2.743808629547074,2.726308886174495,46.949925831627674,inf,inf,inf,1.0,0.0,0.0
ou_alpha0.3_nu0,ou,0.3,0.0,known,occ_c1,0.5,500,200,0.5503696584710668,0.0005270130166361153,0.00114600086544064,0.01617491951925117,0.016206899663974577,nan,nan,0.04269777256875077,0.008909930852607535,0.040893520324873534,0.05593047837478244,2.8841459003932624,2.730206809458439,2.726308886174495,46.949925831627674,inf,inf,inf,1.0,0.0,0.0
ou_alpha0.3_nu0,ou,0.3,0.0,known,occ_c1,0.5,1000,200,0.5503696584710668,-0.00018625397480452054,0.0008389916415830664,0.011836899023719597,0.011865133582444393,nan,nan,0.030389802453952806,0.00712554750072265,0.028854730264782635,0.03978925278268297,2.092678135773844,2.729498141910326,2.726308886174495,46.949925831627674,inf,inf,inf,1.0,0.0,0.0
matern32_alpha0_nu0,matern32,0.0,0.0,known,mean,1.0,25,200,0.2736271420758626,0.04424242129277808,0.007467974185423646,0.11426175602643387,0.10561310376478288,nan,nan,0.2564019222604575,0.05193986043848099,0.24502081749431343,0.32739012093135705,12.59517491417701,5.870336619106199,10.108976188622627,12.662014195271372,inf,inf,inf,1.0,0.0,0.0
matern32_alpha0_nu0,matern32,0.0,0.0,known,mean,1.0,50,200,0.2736271420758626,0.02542392185485776,0.005641067860734524,0.08353971198032047,0.07977674674917747,nan,nan,0.19347134077706066,0.03461822116710853,0.19380805500245535,0.2365497635625782,8.579881813214238,6.945053116969546,10.108976188622627,12.662014195271372,inf,inf,inf,1.0,0.0,0.0
matern32_alpha0_nu0,matern32,0.0,0.0,known,mean,1.0,100,200,0.2736271420758626,0.009197394190389318,0.0036997611986828017,0.05299575843802869,0.052322524647189575,nan,nan,0.13767318466564035,0.02665510684775078,0.13648237295458346,0.16858603261017846,5.972092784190043,7.914043773337512,10.108976188622627,12.662014195271372,inf,inf,inf,1.0,0.0,0.0
matern32_alpha0_nu0,matern32,0.0,0.0,known,mean,1.0,250,200,0.2736271420758626,0.005307947789932761,0.00256485207282396,0.036568963270498335,0.036272485868683896,nan,nan,0.0926471975136812,0.018670760805432226,0.09201125026724866,0.11529268239785331,3.6431666134293788,8.835995021763045,10.108976188622627,12.662014195271372,inf,inf,inf,1.0,0.0,0.0
matern32_alpha0_nu0,matern32,0.0,0.0,known,mean,1.0,500,200,0.2736271420758626,0.001328923007094215,0.001517927731067934,0.021454203576713085,0.021466739839784924,nan,nan,0.06274877605058692,0.012978636007427132,0.06119268010990518,0.08032610289577767,2.534137513096306,9.363721497537322,10.108976188622627,12.662014195271372,inf,inf,inf,1.0,0.0,0.0
matern32_alpha0_nu0,matern32,0.0,0.0,known,mean,1.0,1000,200,0.2736271420758626,-0.002854917117369451,0.001103660821822807,0.015828642596974047,0.015608121024816497,nan,nan,0.04450130933890932,0.00917917098333442,0.04365879196838675,0.05700245504879563,1.8029382049726481,9.68416615977196,10.108976188622627,12.662014195271372,inf,inf,inf,1.0,0.0,0.0
matern32_alpha0_nu0,matern32,0.0,0.0,known,sigmoid,1.0,25,200,0.26623630130422676,0.04275497689727824,0.007289168643074554,0.11136090863231983,0.10308441153460725,nan,nan,0.2486887923491529,0.05144698870277478,0.2374752217728114,0.3199458216665427,12.59517491417701,5.870336619106199,10.108976188622627,12.662014195271372,inf,inf,inf,1.0,0.0,0.0
matern32_alpha0_nu0,matern32,0.0,0.0,known,sigmoid,1.0,50,200,0.26623630130422676,0.02449606439154666,0.0055078579555101976,0.08146791100201428,0.07789287420307069,nan,nan,0.187823858729431,0.03396217926585524,0.1872907770697709,0.2287978397740466,8.579881813214238,6.945053116969546,10.108976188622627,12.662014195271372,inf,inf,inf,1.0,0.0,0.0
matern32_alpha0_nu0,matern32,0.0,0.0,known,sigmoid,1.0,100,200,0.26623630130422676,0.008907753918928257,0.0036051473075958463,0.05163107992928128,0.050984482167548945,nan,nan,0.13364289516656366,0.026076813675797544,0.13262509933876165,0.16508998144341053,5.972092784190043,7.914043773337512,10.108976188622627,12.662014195271372,inf,inf,inf,1.0,0.0,0.0
matern32_alpha0_nu0,matern32,0.0,0.0,known,sigmoid,1.0,250,200,0.26623630130422676,0.005155267150112044,0.002499537991704551,0.03563519501296343,0.03534880527535385,nan,nan,0.08993863763541117,0.018264805485263033,0.08916388199240746,0.11179963399500129,3.6431666134293788,8.835995021763045,10.108976188622627,12.662014195271372,inf,inf,inf,1.0,0.0,0.0
matern32_alpha0_nu0,matern32,0.0,0.0,known,sigmoid,1.0,500,200,0.26623630130422676,0.001277792909329657,0.001483060545167735,0.02096012887043264,0.02097364336796647,nan,nan,0.06093030112743783,0.012660566718849256,0.05952135546365862,0.07841173133075742,2.534137513096306,9.363721497537322,10.108976188622627,12.662014195271372,inf,inf,inf,1.0,0.0,0.0
matern32_alpha0_nu0,matern32,0.0,0.0,known,sigmoid,1.0,1000,200,0.26623630130422676,-0.0027929550494737087,0.0010774355057660207,0.015453581606098686,0.015237239048366215,nan,nan,0.04321178180208369,0.008930434354344253,0.042228590134743255,0.05552511272903263,1.8029382049726481,9.68416615977196,10.108976188622627,12.662014195271372,inf,inf,inf,1.0,0.0,0.0
matern32_alpha0_nu0,matern32,0.0,0.0,known,occ_c0,0.5,25,200,0.23984848498187403,0.03937500756436275,0.006750838033766141,0.10305134758053473,0.09547126704736196,nan,nan,0.22536961339413608,0.050558161232964326,0.21267926779626795,0.29759257797316224,12.59517491417701,5.870336619106199,10.108976188622627,12.662014195271372,inf,inf,inf,1.0,0.0,0.0
matern32_alpha0_nu0,matern32,0.0,0.0,known,occ_c0,0.5,50,200,0.23984848498187403,0.022297963836568825,0.005096394013119021,0.07527198912418254,0.07207389532549965,nan,nan,0.17027528643565815,0.0322563948751568,0.16796595172644002,0.21025270190069964,8.579881813214238,6.945053116969546,10.108976188622627,12.662014195271372,inf,inf,inf,1.0,0.0,0.0
matern32_alpha0_nu0,matern32,0.0,0.0,known,occ_c0,0.5,100,200,0.23984848498187403,0.008272674538609512,0.0033065583915289827,0.047372666116055936,0.04676179722078854,nan,nan,0.12074870607156768,0.024252351265814456,0.11945192229203211,0.15086137267524638,5.972092784190043,7.914043773337512,10.108976188622627,12.662014195271372,inf,inf,inf,1.0,0.0,0.0
matern32_alpha0_nu0,matern32,0.0,0.0,known,occ_c0,0.5,250,200,0.23984848498187403,0.00470981446059411,0.0022912537358797678,0.03266345427243783,0.03240322108119189,nan,nan,0.08118228379413633,0.01696596289412834,0.08051610751947258,0.10150069240240045,3.6431666134293788,8.835995021763045,10.108976188622627,12.662014195271372,inf,inf,inf,1.0,0.0,0.0
matern32_alpha0_nu0,matern32,0.0,0.0,known,occ_c0,0.5,500,200,0.23984848498187403,0.0011165346397752592,0.0013722204418882952,0.019389725343281778,0.019406127594840287,nan,nan,0.05504747715878249,0.011649595609419201,0.05372558384581595,0.0721926417515616,2.534137513096306,9.363721497537322,10.108976188622627,12.662014195271372,inf,inf,inf,1.0,0.0,0.0
matern32_alpha0_nu0,matern32,0.0,0.0,known,occ_c0,0.5,1000,200,0.23984848498187403,-0.002583851377069631,0.000993375865939413,0.014249512782335032,0.014048456221456352,nan,nan,0.039027603734935995,0.008146621643900738,0.0381876418705914,0.0502251847990935,1.8029382049726481,9.68416615977196,10.108976188622627,12.662014195271372,inf,inf,inf,1.0,0.0,0.0
matern32_alpha0_nu0,matern32,0.0,0.0,known,occ_c1,0.5,25,200,0.20836523630016376,0.035511804576974726,0.005010330822786113,0.07909910138624583,0.0708567780156007,nan,nan,0.16550136285858882,0.05022142702146894,0.15718502110534843,0.23885339573611114,12.59517491417701,5.870336619106199,10.108976188622627,12.662014195271372,inf,inf,inf,1.0,0.0,0.0
matern32_alpha0_nu0,matern32,0.0,0.0,known,occ_c1,0.5,50,200,0.20836523630016376,0.019844421927246794,0.003922818063153776,0.058788713979735056,0.055477025076342265,nan,nan,0.12940338429108145,0.029987973347555767,0.12492613250995765,0.16964369323514833,8.579881813214238,6.945053116969546,10.108976188622627,12.662014195271372,inf,inf,inf,1.0,0.0,0.0
matern32_alpha0_nu0,matern32,0.0,0.0,known,occ_c1,0.5,100,200,0.20836523630016376,0.007861366681813049,0.0026327302642711265,0.03796213305839563,0.0372324284580233,nan,nan,0.0947493507980986,0.020895445599296264,0.09253936232040892,0.12132639059352518,5.972092784190043,7.914043773337512,10.108976188622627,12.662014195271372,inf,inf,inf,1.0,0.0,0.0
matern32_alpha0_nu0,matern32,0.0,0.0,known,occ_c1,0.5,250,200,0.20836523630016376,0.004301025680208435,0.0018418719119248606,0.02633637708093926,0.02604800237998201,nan,nan,0.06454710611024836,0.014205275853291854,0.06417932023090696,0.0816083301249336,3.6431666134293788,8.835995021763045,10.108976188622627,12.662014195271372,inf,inf,inf,1.0,0.0,0.0
matern32_alpha0_nu0,matern32,0.0,0.0,known,occ_c1,0.5,500,200,0.20836523630016376,0.001087802700733742,0.0011258545514606453,0.01591934233734576,0.015921987759351223,nan,nan,0.043923243904836824,0.009590920478026755,0.04313069256155752,0.057346201786148764,2.534137513096306,9.363721497537322,10.108976188622627,12.662014195271372,inf,inf,inf,1.0,0.0,0.0
matern32_alpha0_nu0,matern32,0.0,0.0,known,occ_c1,0.5,1000,200,0.20836523630016376,-0.0020274011001699195,0.0008143015849541176,0.011664676695111143,0.011515963453040201,nan,nan,0.031272727048176324,0.006552906048062487,0.03029849861204774,0.04039129937002906,1.8029382049726481,9.68416615977196,10.108976188622627,12.662014195271372,inf,inf,inf,1.0,0.0,0.0
matern32_alpha0.3_nu0,matern32,0.3,0.0,known,mean,1.0,25,200,0.6195355393978201,0.00077789634650136,0.005320707452503021,0.0750618461933559,0.07524616640749374,nan,nan,0.1915171866125286,0.05934463369810101,0.1726983862413692,0.2811195919976445,13.572495906237814,2.8186536792001893,2.721009798623047,47.04135944853038,inf,inf,inf,1.0,0.0,0.0
matern32_alpha0.3_nu0,matern32,0.3,0.0,known,mean,1.0,50,200,0.6195355393978201,-0.003334738495957442,0.003811207345185782,0.053867016485118546,0.05389861116577691,nan,nan,0.14197196921821997,0.04173226929811904,0.1346462160998267,0.2056609632458068,9.804412130044302,2.8020758594453357,2.721009798623047,47.04135944853038,inf,inf,inf,1.0,0.0,0.0
matern32_alpha0.3_nu0,matern32,0.3,0.0,known,mean,1.0,100,200,0.6195355393978201,0.0020119284361958447,0.0026409004846227454,0.03730877342661942,0.03734797282231166,nan,nan,0.09801122484348483,0.028164887907762053,0.09293808132385128,0.1344069308294018,6.823322564992709,2.754741472533358,2.721009798623047,47.04135944853038,inf,inf,inf,1.0,0.0,0.0
matern32_alpha0.3_nu0,matern32,0.3,0.0,known,mean,1.0,250,200,0.6195355393978201,-0.0005239414834607692,0.001522241000263181,0.02148024277310801,0.02152773867772577,nan,nan,0.060318110841799125,0.014988922324114286,0.057863614656671336,0.07800867012380058,4.128084479748643,2.722550576262247,2.721009798623047,47.04135944853038,inf,inf,inf,1.0,0.0,0.0
matern32_alpha0.3_nu0,matern32,0.3,0.0,known,mean,1.0,500,200,0.6195355393978201,-0.00025762800584374024,0.0011315052397501495,0.015963924630184825,0.01600190055950882,nan,nan,0.04305040627587625,0.009894199053744052,0.04084255204081272,0.05728894282619257,2.891899301678267,2.732752062981318,2.721009798623047,47.04135944853038,inf,inf,inf,1.0,0.0,0.0
matern32_alpha0.3_nu0,matern32,0.3,0.0,known,mean,1.0,1000,200,0.6195355393978201,0.0002254571994956267,0.0008356890573897864,0.01179100058843054,0.011818427988874237,nan,nan,0.03040190066140803,0.006452663466175073,0.029505289563747095,0.03810860861609161,2.0632425636942195,2.722563897635845,2.721009798623047,47.04135944853038,inf,inf,inf,1.0,0.0,0.0
matern32_alpha0.3_nu0,matern32,0.3,0.0,known,sigmoid,1.0,25,200,0.612195767804171,-0.0002705149017146513,0.005285675204499883,0.07456411529306547,0.07475073560502918,nan,nan,0.1899836768559534,0.05886354219699361,0.1711108292848359,0.27891560787359887,13.572495906237814,2.8186536792001893,2.721009798623047,47.04135944853038,inf,inf,inf,1.0,0.0,0.0
matern32_alpha0.3_nu0,matern32,0.3,0.0,known,sigmoid,1.0,50,200,0.612195767804171,-0.00394331833530861,0.0037850819824069414,0.053540564402968074,0.05352914274213937,nan,nan,0.14083655515396934,0.0414771652274747,0.13318868334634337,0.20419764291507345,9.804412130044302,2.8020758594453357,2.721009798623047,47.04135944853038,inf,inf,inf,1.0,0.0,0.0
matern32_alpha0.3_nu0,matern32,0.3,0.0,known,sigmoid,1.0,100,200,0.612195767804171,0.00167088429951465,0.0026236258095183066,0.0370484941614111,0.0371036720241288,nan,nan,0.0972748492838733,0.027981528105010603,0.09214400374172227,0.13333248477640822,6.823322564992709,2.754741472533358,2.721009798623047,47.04135944853038,inf,inf,inf,1.0,0.0,0.0
matern32_alpha0.3_nu0,matern32,0.3,0.0,known,sigmoid,1.0,250,200,0.612195767804171,-0.0006643162476043385,0.0015127702669221904,0.021350588242320497,0.021393802282361287,nan,nan,0.05987248767844619,0.014897421422324602,0.05755022901281637,0.07761971882974711,4.128084479748643,2.722550576262247,2.721009798623047,47.04135944853038,inf,inf,inf,1.0,0.0,0.0
matern32_alpha0.3_nu0,matern32,0.3,0.0,known,sigmoid,1.0,500,200,0.612195767804171,-0.00033811482125689797,0.0011238421744532226,0.01585734993670832,0.015893528450786173,nan,nan,0.042737443451966735,0.00983479185688793,0.04063209570773646,0.056973626683843946,2.891899301678267,2.732752062981318,2.721009798623047,47.04135944853038,inf,inf,inf,1.0,0.0,0.0
matern32_alpha0.3_nu0,matern32,0.3,0.0,known,sigmoid,1.0,1000,200,0.612195767804171,0.0001852234639847522,0.0008299648550298016,0.011709560119319335,0.011737475542761652,nan,nan,0.03017630153197919,0.006413321384470876,0.02931491458112795,0.03780026898625702,2.0632425636942195,2.722563897635845,2.721009798623047,47.04135944853038,inf,inf,inf,1.0,0.0,0.0
matern32_alpha0.3_nu0,matern32,0.3,0.0,known,occ_c0,0.5,25,200,0.5875011953951857,-0.001076439546001513,0.005200060072034233,0.07336377203972248,0.07353995479025627,nan,nan,0.1844242467117223,0.05662313491848904,0.16744734305169576,0.2701715401852325,13.572495906237814,2.8186536792001893,2.721009798623047,47.04135944853038,inf,inf,inf,1.0,0.0,0.0
matern32_alpha0.3_nu0,matern32,0.3,0.0,known,occ_c0,0.5,50,200,0.5875011953951857,-0.0044754190902149835,0.003720826770043895,0.05267917230476806,0.05262043681436954,nan,nan,0.1367865226268054,0.04028115089281719,0.12906788853011658,0.19803370679057447,9.804412130044302,2.8020758594453357,2.721009798623047,47.04135944853038,inf,inf,inf,1.0,0.0,0.0
matern32_alpha0.3_nu0,matern32,0.3,0.0,known,occ_c0,0.5,100,200,0.5875011953951857,0.001214812820785495,0.002580762496527744,0.036426397678371705,0.03649749323853384,nan,nan,0.09461683627470065,0.027298658049902242,0.09009039048178763,0.12922402611613296,6.823322564992709,2.754741472533358,2.721009798623047,47.04135944853038,inf,inf,inf,1.0,0.0,0.0
matern32_alpha0.3_nu0,matern32,0.3,0.0,known,occ_c0,0.5,250,200,0.5875011953951857,-0.0008872342514433102,0.0014880595654174883,0.021010404979266834,0.021044340190324258,nan,nan,0.058233730538580615,0.014615667859178123,0.05585738013911096,0.07599545501007561,4.128084479748643,2.722550576262247,2.721009798623047,47.04135944853038,inf,inf,inf,1.0,0.0,0.0
matern32_alpha0.3_nu0,matern32,0.3,0.0,known,occ_c0,0.5,500,200,0.5875011953951857,-0.0005365951742722746,0.0011032336130815691,0.015572273147572964,0.015602079380858268,nan,nan,0.04157560784890582,0.00968470313017692,0.03963850630088234,0.05560656603491785,2.891899301678267,2.732752062981318,2.721009798623047,47.04135944853038,inf,inf,inf,1.0,0.0,0.0
matern32_alpha0.3_nu0,matern32,0.3,0.0,known,occ_c0,0.5,1000,200,0.5875011953951857,8.723481227934093e-05,0.000813918689410507,0.011482067447713639,0.01151054849233274,nan,nan,0.029360505048419992,0.006301174031274926,0.02857724098051423,0.03690180160254042,2.0632425636942195,2.722563897635845,2.721009798623047,47.04135944853038,inf,inf,inf,1.0,0.0,0.0
matern32_alpha0.3_nu0,matern32,0.3,0.0,known,occ_c1,0.5,25,200,0.5443516254451746,-0.0035432646282454873,0.00521125945506887,0.07359920190278335,0.0736983379840342,nan,nan,0.1790723287537381,0.05099091487810079,0.16564345964556043,0.25419684683012755,13.572495906237814,2.8186536792001893,2.721009798623047,47.04135944853038,inf,inf,inf,1.0,0.0,0.0
matern32_alpha0.3_nu0,matern32,0.3,0.0,known,occ_c1,0.5,50,200,0.5443516254451746,-0.0059191826567503115,0.0037301766020813036,0.05295248816046535,0.05275266340710168,nan,nan,0.13387902709242475,0.03803554896944327,0.1279171465369588,0.19174950343288627,9.804412130044302,2.8020758594453357,2.721009798623047,47.04135944853038,inf,inf,inf,1.0,0.0,0.0
matern32_alpha0.3_nu0,matern32,0.3,0.0,known,occ_c1,0.5,100,200,0.5443516254451746,0.0005300025595809166,0.0026014536730155097,0.03670184714792287,0.03679011066263837,nan,nan,0.09334781479120181,0.026367696024347364,0.08945634547895384,0.12684680310393173,6.823322564992709,2.754741472533358,2.721009798623047,47.04135944853038,inf,inf,inf,1.0,0.0,0.0
matern32_alpha0.3_nu0,matern32,0.3,0.0,known,occ_c1,0.5,250,200,0.5443516254451746,-0.0011594794618254715,0.0015010984735418051,0.02120731999685564,0.021228738197403715,nan,nan,0.05769263906561939,0.014418974422251308,0.055283286788812946,0.07444973194632593,4.128084479748643,2.722550576262247,2.721009798623047,47.04135944853038,inf,inf,inf,1.0,0.0,0.0
matern32_alpha0.3_nu0,matern32,0.3,0.0,known,occ_c1,0.5,500,200,0.5443516254451746,-0.0007357158975348399,0.00110896402698897,0.01566115319189007,0.015683119671516844,nan,nan,0.04122327287837268,0.009620031425600693,0.03973345401299108,0.0549082522982155,2.891899301678267,2.732752062981318,2.721009798623047,47.04135944853038,inf,inf,inf,1.0,0.0,0.0
matern32_alpha0.3_nu0,matern32,0.3,0.0,known,occ_c1,0.5,1000,200,0.5443516254451746,1.0612310711856642e-05,0.0008193108926402631,0.011557807319822243,0.01158680576171867,nan,nan,0.029152194236662217,0.006300232783317753,0.028288410899397598,0.037078874565434725,2.0632425636942195,2.722563897635845,2.721009798623047,47.04135944853038,inf,inf,inf,1.0,0.0,0.0
