family,family_title,label,method,objective_F,ceiling_I,relative_efficiency,cost,n_actions,times,widths,segments,runtime_s,n_evaluations,n_candidates,budget
i_stationary_ou,"(i) stationary OU, uniform weights",mean,same_time,0.03591175452143899,0.19938480853001503,0.3993222314747667,4.0,1,5.000,0,4,0.0,1,12,4.0
i_stationary_ou,"(i) stationary OU, uniform weights",mean,uniform,0.0676560183884579,0.3756313901130254,0.7523038792061306,4.0,4,0.039;3.346;6.654;9.961,0;0;0;0,1;1;1;1,0.0,1,12,4.0
i_stationary_ou,"(i) stationary OU, uniform weights",mean,dispersed,0.08917298324145524,0.4950952251311878,0.9915626548956769,4.0,4,1.250;3.750;6.250;8.750,0;0;0;0,1;1;1;1,0.0,1,12,4.0
i_stationary_ou,"(i) stationary OU, uniform weights",mean,random,0.08772456074002893,0.48705347259177784,0.9754568613165154,4.0,4,2.136;3.773;7.045;8.682,0;0;0;0,1;1;1;1,0.0012450000504031777,20,12,4.0
i_stationary_ou,"(i) stationary OU, uniform weights",mean,mutual_information,0.07730881329871322,0.42922444594135534,0.8596385292363952,4.0,4,0.500;4.591;7.045;9.500,0;0;0;0,1;1;1;1,0.0004850829718634486,42,12,4.0
i_stationary_ou,"(i) stationary OU, uniform weights",mean,imse,0.08983870957227641,0.49879138865126665,0.9989652262129963,4.0,4,2.136;4.591;6.227;7.864,0;0;0;0,1;1;1;1,0.0003963749622926116,42,12,4.0
i_stationary_ou,"(i) stationary OU, uniform weights",mean,linear_target,0.08993176860905193,0.4993080595429213,0.9999999999999999,4.0,4,2.136;3.773;6.227;7.864,0;0;0;0,1;1;1;1,0.005694292020052671,123,12,4.0
i_stationary_ou,"(i) stationary OU, uniform weights",mean,kernel_quadrature,0.08983870957227641,0.49879138865126665,0.9989652262129963,4.0,4,2.136;4.591;6.227;7.864,0;0;0;0,1;1;1;1,0.0005859999218955636,42,12,4.0
i_stationary_ou,"(i) stationary OU, uniform weights",mean,label_aware_greedy,0.08959229073908538,0.49742325243712954,0.9962251618619631,4.0,4,2.136;4.591;7.045;8.682,0;0;0;0,1;1;1;1,0.00043575000017881393,42,12,4.0
i_stationary_ou,"(i) stationary OU, uniform weights",mean,label_aware,0.08993176860905193,0.4993080595429213,0.9999999999999999,4.0,4,2.136;3.773;6.227;7.864,0;0;0;0,1;1;1;1,0.005573375034146011,123,12,4.0
i_stationary_ou,"(i) stationary OU, uniform weights",mean,exhaustive,0.08993176860905194,0.49930805954292135,1.0,4.0,4,2.136;3.773;6.227;7.864,0;0;0;0,1;1;1;1,0.02967166609596461,495,12,4.0
i_stationary_ou,"(i) stationary OU, uniform weights",occupation_c0,same_time,0.005822287019213319,0.1842112772791703,0.4009069084246829,4.0,1,5.000,0,4,0.0,1,12,4.0
i_stationary_ou,"(i) stationary OU, uniform weights",occupation_c0,uniform,0.010894973443737865,0.34470594928945403,0.7501983509717346,4.0,4,0.039;3.346;6.654;9.961,0;0;0;0,1;1;1;1,0.0,1,12,4.0
i_stationary_ou,"(i) stationary OU, uniform weights",occupation_c0,dispersed,0.014387873331354281,0.455217771805725,0.9907099730817738,4.0,4,1.250;3.750;6.250;8.750,0;0;0;0,1;1;1;1,0.0,1,12,4.0
i_stationary_ou,"(i) stationary OU, uniform weights",occupation_c0,random,0.014169958775995013,0.4483231754988124,0.9757049672478931,4.0,4,1.318;3.773;5.409;7.045,0;0;0;0,1;1;1;1,0.0022713750367984176,20,12,4.0
i_stationary_ou,"(i) stationary OU, uniform weights",occupation_c0,mutual_information,0.012481491936251702,0.39490179105551076,0.8594417156312548,4.0,4,0.500;4.591;7.045;9.500,0;0;0;0,1;1;1;1,0.0004850829718634486,42,12,4.0
i_stationary_ou,"(i) stationary OU, uniform weights",occupation_c0,imse,0.014507981308013692,0.45901786680599455,0.998980282917199,4.0,4,2.136;4.591;6.227;7.864,0;0;0;0,1;1;1;1,0.0003963749622926116,42,12,4.0
i_stationary_ou,"(i) stationary OU, uniform weights",occupation_c0,linear_target,0.01452279044552093,0.4594864129505952,1.0,4.0,4,2.136;3.773;6.227;7.864,0;0;0;0,1;1;1;1,0.005694292020052671,123,12,4.0
i_stationary_ou,"(i) stationary OU, uniform weights",occupation_c0,kernel_quadrature,0.014507981308013692,0.45901786680599455,0.998980282917199,4.0,4,2.136;4.591;6.227;7.864,0;0;0;0,1;1;1;1,0.0005859999218955636,42,12,4.0
i_stationary_ou,"(i) stationary OU, uniform weights",occupation_c0,label_aware_greedy,0.01446193309466455,0.4575609478719954,0.9958095277154434,4.0,4,2.136;4.591;7.045;8.682,0;0;0;0,1;1;1;1,0.004226791090331972,42,12,4.0
i_stationary_ou,"(i) stationary OU, uniform weights",occupation_c0,label_aware,0.01452279044552093,0.4594864129505952,1.0,4.0,4,2.136;3.773;6.227;7.864,0;0;0;0,1;1;1;1,0.013060749974101782,123,12,4.0
i_stationary_ou,"(i) stationary OU, uniform weights",occupation_c0,exhaustive,0.01452279044552093,0.4594864129505952,1.0,4.0,4,2.136;3.773;6.227;7.864,0;0;0;0,1;1;1;1,0.05329283291939646,495,12,4.0
i_stationary_ou,"(i) stationary OU, uniform weights",occupation_c1.5,same_time,0.00078125547848328,0.14054064223587362,0.39970617323122837,4.0,1,5.000,0,4,0.0,1,12,4.0
i_stationary_ou,"(i) stationary OU, uniform weights",occupation_c1.5,uniform,0.0014146747030805392,0.25448690831809356,0.7237763158257944,4.0,4,0.039;3.346;6.654;9.961,0;0;0;0,1;1;1;1,0.0,1,12,4.0
i_stationary_ou,"(i) stationary OU, uniform weights",occupation_c1.5,dispersed,0.0019196316675124617,0.3453240007126506,0.9821225565348901,4.0,4,1.250;3.750;6.250;8.750,0;0;0;0,1;1;1;1,0.0,1,12,4.0
i_stationary_ou,"(i) stationary OU, uniform weights",occupation_c1.5,random,0.0019119040603229008,0.34393387557781524,0.978168955717946,4.0,4,1.318;3.773;5.409;7.045,0;0;0;0,1;1;1;1,0.011332917027175426,20,12,4.0
i_stationary_ou,"(i) stationary OU, uniform weights",occupation_c1.5,mutual_information,0.0016652107055095708,0.2995560203490795,0.8519556240617764,4.0,4,0.500;4.591;7.045;9.500,0;0;0;0,1;1;1;1,0.0004850829718634486,42,12,4.0
i_stationary_ou,"(i) stationary OU, uniform weights",occupation_c1.5,imse,0.0019528250508389538,0.35129518368565626,0.9991049657357663,4.0,4,2.136;4.591;6.227;7.864,0;0;0;0,1;1;1;1,0.0003963749622926116,42,12,4.0
i_stationary_ou,"(i) stationary OU, uniform weights",occupation_c1.5,linear_target,0.001954574461954399,0.35160988658179027,1.0,4.0,4,2.136;3.773;6.227;7.864,0;0;0;0,1;1;1;1,0.005694292020052671,123,12,4.0
i_stationary_ou,"(i) stationary OU, uniform weights",occupation_c1.5,kernel_quadrature,0.0019528250508389538,0.35129518368565626,0.9991049657357663,4.0,4,2.136;4.591;6.227;7.864,0;0;0;0,1;1;1;1,0.0005859999218955636,42,12,4.0
i_stationary_ou,"(i) stationary OU, uniform weights",occupation_c1.5,label_aware_greedy,0.0019384084961313476,0.34870177869428387,0.9917291634891787,4.0,4,1.318;2.955;5.409;7.864,0;0;0;0,1;1;1;1,0.02058341691736132,42,12,4.0
i_stationary_ou,"(i) stationary OU, uniform weights",occupation_c1.5,label_aware,0.001954574461954399,0.35160988658179027,1.0,4.0,4,2.136;3.773;6.227;7.864,0;0;0;0,1;1;1;1,0.0607305410085246,116,12,4.0
i_stationary_ou,"(i) stationary OU, uniform weights",occupation_c1.5,exhaustive,0.001954574461954399,0.35160988658179027,1.0,4.0,4,2.136;3.773;6.227;7.864,0;0;0;0,1;1;1;1,0.2827063329750672,495,12,4.0
i_stationary_ou,"(i) stationary OU, uniform weights",two_sided_c1.2,same_time,0.0009421428174706018,0.07849140079171506,0.38930506885566485,4.0,1,5.000,0,4,0.0,1,12,4.0
i_stationary_ou,"(i) stationary OU, uniform weights",two_sided_c1.2,uniform,0.0015079027436003764,0.12562575058484385,0.623084070206063,4.0,4,0.039;3.346;6.654;9.961,0;0;0;0,1;1;1;1,0.0,1,12,4.0
i_stationary_ou,"(i) stationary OU, uniform weights",two_sided_c1.2,dispersed,0.002281937432450221,0.19011179862617428,0.9429247803951685,4.0,4,1.250;3.750;6.250;8.750,0;0;0;0,1;1;1;1,0.0,1,12,4.0
i_stationary_ou,"(i) stationary OU, uniform weights",two_sided_c1.2,random,0.002385980711753469,0.19877980795983394,0.9859167506803784,4.0,4,3.773;5.409;7.045;8.682,0;0;0;0,1;1;1;1,0.02634224994108081,20,12,4.0
i_stationary_ou,"(i) stationary OU, uniform weights",two_sided_c1.2,mutual_information,0.00197800795143989,0.16479095526354445,0.8173373584694205,4.0,4,0.500;4.591;7.045;9.500,0;0;0;0,1;1;1;1,0.0004850829718634486,42,12,4.0
i_stationary_ou,"(i) stationary OU, uniform weights",two_sided_c1.2,imse,0.00239753051643164,0.1997420403637217,0.9906892728735384,4.0,4,2.136;4.591;6.227;7.864,0;0;0;0,1;1;1;1,0.0003963749622926116,42,12,4.0
i_stationary_ou,"(i) stationary OU, uniform weights",two_sided_c1.2,linear_target,0.002398612171343812,0.19983215473667587,0.9911362260660403,4.0,4,2.136;3.773;6.227;7.864,0;0;0;0,1;1;1;1,0.005694292020052671,123,12,4.0
i_stationary_ou,"(i) stationary OU, uniform weights",two_sided_c1.2,kernel_quadrature,0.00239753051643164,0.1997420403637217,0.9906892728735384,4.0,4,2.136;4.591;6.227;7.864,0;0;0;0,1;1;1;1,0.0005859999218955636,42,12,4.0
i_stationary_ou,"(i) stationary OU, uniform weights",two_sided_c1.2,label_aware_greedy,0.0024200630632423177,0.20161926229842078,1.0,4.0,4,2.955;4.591;6.227;7.864,0;0;0;0,1;1;1;1,0.04987937503028661,42,12,4.0
i_stationary_ou,"(i) stationary OU, uniform weights",two_sided_c1.2,label_aware,0.0024200630632423177,0.20161926229842078,1.0,4.0,4,2.955;4.591;6.227;7.864,0;0;0;0,1;1;1;1,0.08794695790857077,74,12,4.0
i_stationary_ou,"(i) stationary OU, uniform weights",two_sided_c1.2,exhaustive,0.0024200630632423177,0.20161926229842078,1.0,4.0,4,2.136;3.773;5.409;7.045,0;0;0;0,1;1;1;1,0.540255666943267,495,12,4.0
i_stationary_ou,"(i) stationary OU, uniform weights",sigmoid,same_time,0.00331350778896595,0.19577442037853224,0.39972325739772846,4.0,1,5.000,0,4,0.0,1,12,4.0
i_stationary_ou,"(i) stationary OU, uniform weights",sigmoid,uniform,0.006230179503607141,0.3681022827936481,0.751574405120555,4.0,4,0.039;3.346;6.654;9.961,0;0;0;0,1;1;1;1,0.0,1,12,4.0
i_stationary_ou,"(i) stationary OU, uniform weights",sigmoid,dispersed,0.008217127174170384,0.48549857497148763,0.9912687851371549,4.0,4,1.250;3.750;6.250;8.750,0;0;0;0,1;1;1;1,0.0,1,12,4.0
i_stationary_ou,"(i) stationary OU, uniform weights",sigmoid,random,0.00808657272354426,0.4777849302399798,0.9755194181231932,4.0,4,1.318;3.773;5.409;7.045,0;0;0;0,1;1;1;1,0.010399916092865169,20,12,4.0
i_stationary_ou,"(i) stationary OU, uniform weights",sigmoid,mutual_information,0.007125266855427983,0.42098738783985246,0.8595527937987927,4.0,4,0.500;4.591;7.045;9.500,0;0;0;0,1;1;1;1,0.0004850829718634486,42,12,4.0
i_stationary_ou,"(i) stationary OU, uniform weights",sigmoid,imse,0.008280968856369099,0.48927058008644897,0.9989702926607525,4.0,4,2.136;4.591;6.227;7.864,0;0;0;0,1;1;1;1,0.0003963749622926116,42,12,4.0
i_stationary_ou,"(i) stationary OU, uniform weights",sigmoid,linear_target,0.008289504620115155,0.4897749049006042,0.9999999999999998,4.0,4,2.136;3.773;6.227;7.864,0;0;0;0,1;1;1;1,0.005694292020052671,123,12,4.0
i_stationary_ou,"(i) stationary OU, uniform weights",sigmoid,kernel_quadrature,0.008280968856369099,0.48927058008644897,0.9989702926607525,4.0,4,2.136;4.591;6.227;7.864,0;0;0;0,1;1;1;1,0.0005859999218955636,42,12,4.0
i_stationary_ou,"(i) stationary OU, uniform weights",sigmoid,label_aware_greedy,0.008257027031979792,0.48785600764807124,0.9960820833543472,4.0,4,2.136;4.591;7.045;8.682,0;0;0;0,1;1;1;1,0.02385320793837309,42,12,4.0
i_stationary_ou,"(i) stationary OU, uniform weights",sigmoid,label_aware,0.008289504620115155,0.4897749049006042,0.9999999999999998,4.0,4,2.136;3.773;6.227;7.864,0;0;0;0,1;1;1;1,0.06696274993009865,123,12,4.0
i_stationary_ou,"(i) stationary OU, uniform weights",sigmoid,exhaustive,0.008289504620115157,0.4897749049006043,1.0,4.0,4,2.136;3.773;6.227;7.864,0;0;0;0,1;1;1;1,0.2640433330088854,495,12,4.0
i_stationary_matern32,"(i) stationary Matern-3/2, uniform weights",mean,same_time,0.03634385473282839,0.19644227812447157,0.3635709914652377,4.0,1,5.000,0,4,0.0,1,12,4.0
i_stationary_matern32,"(i) stationary Matern-3/2, uniform weights",mean,uniform,0.07142256674517045,0.3860463295393135,0.71448594529733,4.0,4,0.039;3.346;6.654;9.961,0;0;0;0,1;1;1;1,0.0,1,12,4.0
i_stationary_matern32,"(i) stationary Matern-3/2, uniform weights",mean,dispersed,0.09959849312252578,0.5383401136335887,0.9963478876744424,4.0,4,1.250;3.750;6.250;8.750,0;0;0;0,1;1;1;1,0.0,1,12,4.0
i_stationary_matern32,"(i) stationary Matern-3/2, uniform weights",mean,random,0.09625801588401506,0.5202844901016344,0.9629309419349094,4.0,4,2.955;4.591;6.227;8.682,0;0;0;0,1;1;1;1,0.001182583044283092,20,12,4.0
i_stationary_matern32,"(i) stationary Matern-3/2, uniform weights",mean,mutual_information,0.08404366406840472,0.4542646605015301,0.8407429122844539,4.0,4,0.500;4.591;7.045;9.500,0;0;0;0,1;1;1;1,0.0003919589798897505,42,12,4.0
i_stationary_matern32,"(i) stationary Matern-3/2, uniform weights",mean,imse,0.09869503927303117,0.533456852524394,0.98731005681642,4.0,4,2.136;4.591;6.227;7.864,0;0;0;0,1;1;1;1,0.0003809999907389283,42,12,4.0
i_stationary_matern32,"(i) stationary Matern-3/2, uniform weights",mean,linear_target,0.09936976566758099,0.5371038181814616,0.9940597795972748,4.0,4,2.136;4.591;7.045;8.682,0;0;0;0,1;1;1;1,0.005694583058357239,119,12,4.0
i_stationary_matern32,"(i) stationary Matern-3/2, uniform weights",mean,kernel_quadrature,0.09869503927303117,0.533456852524394,0.98731005681642,4.0,4,2.136;4.591;6.227;7.864,0;0;0;0,1;1;1;1,0.0005698750028386712,42,12,4.0
i_stationary_matern32,"(i) stationary Matern-3/2, uniform weights",mean,label_aware_greedy,0.09869503927303117,0.533456852524394,0.98731005681642,4.0,4,2.136;4.591;6.227;7.864,0;0;0;0,1;1;1;1,0.00043754198122769594,42,12,4.0
i_stationary_matern32,"(i) stationary Matern-3/2, uniform weights",mean,label_aware,0.09936976566758099,0.5371038181814616,0.9940597795972748,4.0,4,2.136;4.591;7.045;8.682,0;0;0;0,1;1;1;1,0.0054785419488325715,119,12,4.0
i_stationary_matern32,"(i) stationary Matern-3/2, uniform weights",mean,exhaustive,0.0999635713134263,0.5403133988572191,1.0,4.0,4,1.318;3.773;6.227;8.682,0;0;0;0,1;1;1;1,0.03197374998126179,495,12,4.0
i_stationary_matern32,"(i) stationary Matern-3/2, uniform weights",occupation_c0,same_time,0.006028351134693501,0.17582331353749028,0.3692182740051201,4.0,1,5.000,0,4,0.0,1,12,4.0
i_stationary_matern32,"(i) stationary Matern-3/2, uniform weights",occupation_c0,uniform,0.011636056568358333,0.33937804494901236,0.7126732710823818,4.0,4,0.039;3.346;6.654;9.961,0;0;0;0,1;1;1;1,0.0,1,12,4.0
i_stationary_matern32,"(i) stationary Matern-3/2, uniform weights",occupation_c0,dispersed,0.016268530287174975,0.4744890995175172,0.9963982752534472,4.0,4,1.250;3.750;6.250;8.750,0;0;0;0,1;1;1;1,0.0,1,12,4.0
i_stationary_matern32,"(i) stationary Matern-3/2, uniform weights",occupation_c0,random,0.01575795118314196,0.45959751342900185,0.9651268493988324,4.0,4,2.955;4.591;6.227;8.682,0;0;0;0,1;1;1;1,0.0023444578982889652,20,12,4.0
i_stationary_matern32,"(i) stationary Matern-3/2, uniform weights",occupation_c0,mutual_information,0.01375306491672183,0.4011228594561925,0.8423336294412086,4.0,4,0.500;4.591;7.045;9.500,0;0;0;0,1;1;1;1,0.0003919589798897505,42,12,4.0
i_stationary_matern32,"(i) stationary Matern-3/2, uniform weights",occupation_c0,imse,0.01614697552397748,0.47094382473771046,0.9889534136549594,4.0,4,2.136;4.591;6.227;7.864,0;0;0;0,1;1;1;1,0.0003809999907389283,42,12,4.0
i_stationary_matern32,"(i) stationary Matern-3/2, uniform weights",occupation_c0,linear_target,0.0162435603679215,0.4737608250949072,0.994868943221715,4.0,4,2.136;4.591;7.045;8.682,0;0;0;0,1;1;1;1,0.005694583058357239,119,12,4.0
i_stationary_matern32,"(i) stationary Matern-3/2, uniform weights",occupation_c0,kernel_quadrature,0.01614697552397748,0.47094382473771046,0.9889534136549594,4.0,4,2.136;4.591;6.227;7.864,0;0;0;0,1;1;1;1,0.0005698750028386712,42,12,4.0
i_stationary_matern32,"(i) stationary Matern-3/2, uniform weights",occupation_c0,label_aware_greedy,0.01614697552397748,0.47094382473771046,0.9889534136549594,4.0,4,2.136;4.591;6.227;7.864,0;0;0;0,1;1;1;1,0.004293082980439067,42,12,4.0
i_stationary_matern32,"(i) stationary Matern-3/2, uniform weights",occupation_c0,label_aware,0.0162435603679215,0.4737608250949072,0.994868943221715,4.0,4,2.136;4.591;7.045;8.682,0;0;0;0,1;1;1;1,0.013560583000071347,119,12,4.0
i_stationary_matern32,"(i) stationary Matern-3/2, uniform weights",occupation_c0,exhaustive,0.016327336860390347,0.4762042561713835,1.0,4.0,4,1.318;3.773;6.227;8.682,0;0;0;0,1;1;1;1,0.05785500002093613,495,12,4.0
i_stationary_matern32,"(i) stationary Matern-3/2, uniform weights",occupation_c1.5,same_time,0.0009080944131588195,0.13687081963480394,0.3842162292029188,4.0,1,5.000,0,4,0.0,1,12,4.0
i_stationary_matern32,"(i) stationary Matern-3/2, uniform weights",occupation_c1.5,uniform,0.0016405662783923031,0.24727126159458374,0.6941262715720682,4.0,4,0.039;3.346;6.654;9.961,0;0;0;0,1;1;1;1,0.0,1,12,4.0
i_stationary_matern32,"(i) stationary Matern-3/2, uniform weights",occupation_c1.5,dispersed,0.002353876147938432,0.354783547854293,0.9959288422727287,4.0,4,1.250;3.750;6.250;8.750,0;0;0;0,1;1;1;1,0.0,1,12,4.0
i_stationary_matern32,"(i) stationary Matern-3/2, uniform weights",occupation_c1.5,random,0.0023169116932128344,0.34921215005431416,0.9802891211122295,4.0,4,2.955;4.591;6.227;8.682,0;0;0;0,1;1;1;1,0.010259290924295783,20,12,4.0
i_stationary_matern32,"(i) stationary Matern-3/2, uniform weights",occupation_c1.5,mutual_information,0.0020012697362511694,0.3016376107394017,0.8467404936515838,4.0,4,0.500;4.591;7.045;9.500,0;0;0;0,1;1;1;1,0.0003919589798897505,42,12,4.0
i_stationary_matern32,"(i) stationary Matern-3/2, uniform weights",occupation_c1.5,imse,0.0023634983223970512,0.35623383197204145,1.0,4.0,4,2.136;4.591;6.227;7.864,0;0;0;0,1;1;1;1,0.0003809999907389283,42,12,4.0
i_stationary_matern32,"(i) stationary Matern-3/2, uniform weights",occupation_c1.5,linear_target,0.0023634492290923632,0.3562264324761808,0.9999792285426129,4.0,4,2.136;4.591;7.045;8.682,0;0;0;0,1;1;1;1,0.005694583058357239,119,12,4.0
i_stationary_matern32,"(i) stationary Matern-3/2, uniform weights",occupation_c1.5,kernel_quadrature,0.0023634983223970512,0.35623383197204145,1.0,4.0,4,2.136;4.591;6.227;7.864,0;0;0;0,1;1;1;1,0.0005698750028386712,42,12,4.0
i_stationary_matern32,"(i) stationary Matern-3/2, uniform weights",occupation_c1.5,label_aware_greedy,0.0023634983223970512,0.35623383197204145,1.0,4.0,4,2.136;4.591;6.227;7.864,0;0;0;0,1;1;1;1,0.019456875044852495,42,12,4.0
i_stationary_matern32,"(i) stationary Matern-3/2, uniform weights",occupation_c1.5,label_aware,0.0023634983223970512,0.35623383197204145,1.0,4.0,4,2.136;4.591;6.227;7.864,0;0;0;0,1;1;1;1,0.036429792060516775,74,12,4.0
i_stationary_matern32,"(i) stationary Matern-3/2, uniform weights",occupation_c1.5,exhaustive,0.0023634983223970512,0.35623383197204145,1.0,4.0,4,2.136;3.773;5.409;7.864,0;0;0;0,1;1;1;1,0.24478495900984854,495,12,4.0
i_stationary_matern32,"(i) stationary Matern-3/2, uniform weights",two_sided_c1.2,same_time,0.0015127134831884742,0.09501481142101134,0.4035089252991458,4.0,1,5.000,0,4,0.0,1,12,4.0
i_stationary_matern32,"(i) stationary Matern-3/2, uniform weights",two_sided_c1.2,uniform,0.002331335761469866,0.14643316807636356,0.6218724154156061,4.0,4,0.039;3.346;6.654;9.961,0;0;0;0,1;1;1;1,0.0,1,12,4.0
i_stationary_matern32,"(i) stationary Matern-3/2, uniform weights",two_sided_c1.2,dispersed,0.0035980537207539725,0.22599679288871147,0.9597632374967981,4.0,4,1.250;3.750;6.250;8.750,0;0;0;0,1;1;1;1,0.0,1,12,4.0
i_stationary_matern32,"(i) stationary Matern-3/2, uniform weights",two_sided_c1.2,random,0.0036914240380069604,0.23186146137002447,0.9846693130942611,4.0,4,2.955;4.591;6.227;8.682,0;0;0;0,1;1;1;1,0.020230166031979024,20,12,4.0
i_stationary_matern32,"(i) stationary Matern-3/2, uniform weights",two_sided_c1.2,mutual_information,0.003102333545381868,0.19486019001974453,0.8275323045167554,4.0,4,0.500;4.591;7.045;9.500,0;0;0;0,1;1;1;1,0.0003919589798897505,42,12,4.0
i_stationary_matern32,"(i) stationary Matern-3/2, uniform weights",two_sided_c1.2,imse,0.0037232697270247793,0.23386171599208447,0.9931639949317665,4.0,4,2.136;4.591;6.227;7.864,0;0;0;0,1;1;1;1,0.0003809999907389283,42,12,4.0
i_stationary_matern32,"(i) stationary Matern-3/2, uniform weights",two_sided_c1.2,linear_target,0.003666275285704969,0.23028184699889392,0.9779610063813455,4.0,4,2.136;4.591;7.045;8.682,0;0;0;0,1;1;1;1,0.005694583058357239,119,12,4.0
i_stationary_matern32,"(i) stationary Matern-3/2, uniform weights",two_sided_c1.2,kernel_quadrature,0.0037232697270247793,0.23386171599208447,0.9931639949317665,4.0,4,2.136;4.591;6.227;7.864,0;0;0;0,1;1;1;1,0.0005698750028386712,42,12,4.0
i_stationary_matern32,"(i) stationary Matern-3/2, uniform weights",two_sided_c1.2,label_aware_greedy,0.0037488972073344037,0.23547139967367778,1.0000000000000002,4.0,4,2.136;3.773;5.409;7.045,0;0;0;0,1;1;1;1,0.03944579197559506,42,12,4.0
i_stationary_matern32,"(i) stationary Matern-3/2, uniform weights",two_sided_c1.2,label_aware,0.0037488972073344037,0.23547139967367778,1.0000000000000002,4.0,4,2.136;3.773;5.409;7.045,0;0;0;0,1;1;1;1,0.0737315829610452,74,12,4.0
i_stationary_matern32,"(i) stationary Matern-3/2, uniform weights",two_sided_c1.2,exhaustive,0.0037488972073344033,0.23547139967367775,1.0,4.0,4,2.136;3.773;5.409;7.045,0;0;0;0,1;1;1;1,0.49643295793794096,495,12,4.0
i_stationary_matern32,"(i) stationary Matern-3/2, uniform weights",sigmoid,same_time,0.0033753430543727123,0.19212985941895186,0.3649951995023107,4.0,1,5.000,0,4,0.0,1,12,4.0
i_stationary_matern32,"(i) stationary Matern-3/2, uniform weights",sigmoid,uniform,0.006601629000292119,0.37577515272678547,0.7138719991380742,4.0,4,0.039;3.346;6.654;9.961,0;0;0;0,1;1;1;1,0.0,1,12,4.0
i_stationary_matern32,"(i) stationary Matern-3/2, uniform weights",sigmoid,dispersed,0.009214010544622835,0.5244760375777929,0.9963637955538158,4.0,4,1.250;3.750;6.250;8.750,0;0;0;0,1;1;1;1,0.0,1,12,4.0
i_stationary_matern32,"(i) stationary Matern-3/2, uniform weights",sigmoid,random,0.008911608045936312,0.5072628095815118,0.9636632793218154,4.0,4,2.955;4.591;6.227;8.682,0;0;0;0,1;1;1;1,0.010626125033013523,20,12,4.0
i_stationary_matern32,"(i) stationary Matern-3/2, uniform weights",sigmoid,mutual_information,0.007779379587286542,0.4428145768874444,0.8412289236163424,4.0,4,0.500;4.591;7.045;9.500,0;0;0;0,1;1;1;1,0.0003919589798897505,42,12,4.0
i_stationary_matern32,"(i) stationary Matern-3/2, uniform weights",sigmoid,imse,0.009135367522619172,0.5199995525158462,0.9878596746264614,4.0,4,2.136;4.591;6.227;7.864,0;0;0;0,1;1;1;1,0.0003809999907389283,42,12,4.0
i_stationary_matern32,"(i) stationary Matern-3/2, uniform weights",sigmoid,linear_target,0.009195206517786545,0.5234056826614576,0.9943304083051727,4.0,4,2.136;4.591;7.045;8.682,0;0;0;0,1;1;1;1,0.005694583058357239,119,12,4.0
i_stationary_matern32,"(i) stationary Matern-3/2, uniform weights",sigmoid,kernel_quadrature,0.009135367522619172,0.5199995525158462,0.9878596746264614,4.0,4,2.136;4.591;6.227;7.864,0;0;0;0,1;1;1;1,0.0005698750028386712,42,12,4.0
i_stationary_matern32,"(i) stationary Matern-3/2, uniform weights",sigmoid,label_aware_greedy,0.009135367522619172,0.5199995525158462,0.9878596746264614,4.0,4,2.136;3.773;5.409;7.864,0;0;0;0,1;1;1;1,0.024051542044617236,42,12,4.0
i_stationary_matern32,"(i) stationary Matern-3/2, uniform weights",sigmoid,label_aware,0.009195206517786544,0.5234056826614575,0.9943304083051725,4.0,4,1.318;2.955;5.409;7.864,0;0;0;0,1;1;1;1,0.0612352080643177,111,12,4.0
i_stationary_matern32,"(i) stationary Matern-3/2, uniform weights",sigmoid,exhaustive,0.009247636842827419,0.5263900995983799,1.0,4.0,4,1.318;3.773;6.227;8.682,0;0;0;0,1;1;1;1,0.2635349999181926,495,12,4.0
ii_nonstationary,(ii) non-stationary correlation time,mean,same_time,0.147078231972665,0.45216330557120776,0.5598972931527901,4.0,1,5.000,0,4,0.0,1,12,4.0
ii_nonstationary,(ii) non-stationary correlation time,mean,uniform,0.23339214988105977,0.7175185924468015,0.8884770452353695,4.0,4,0.039;3.346;6.654;9.961,0;0;0;0,1;1;1;1,0.0,1,12,4.0
ii_nonstationary,(ii) non-stationary correlation time,mean,dispersed,0.260353751465356,0.8004067719709818,0.9911144480899062,4.0,4,1.250;3.750;6.250;8.750,0;0;0;0,1;1;1;1,0.0,1,12,4.0
ii_nonstationary,(ii) non-stationary correlation time,mean,random,0.24814745484594813,0.7628808964271427,0.9446475281047879,4.0,4,3.773;4.591;7.045;9.500,0;0;0;0,1;1;1;1,0.0013339999131858349,20,12,4.0
ii_nonstationary,(ii) non-stationary correlation time,mean,mutual_information,0.24173099935765302,0.743154756911288,0.9202213706010759,4.0,4,0.500;2.955;5.409;9.500,0;0;0;0,1;1;1;1,0.00037450005766004324,42,12,4.0
ii_nonstationary,(ii) non-stationary correlation time,mean,imse,0.2552237018871048,0.7846354362407743,0.9715853795521754,4.0,4,2.136;3.773;7.045;9.500,0;0;0;0,1;1;1;1,0.0003821669379249215,42,12,4.0
ii_nonstationary,(ii) non-stationary correlation time,mean,linear_target,0.26268787824364226,0.8075825889871147,1.0,4.0,4,2.136;3.773;6.227;8.682,0;0;0;0,1;1;1;1,0.0027100000297650695,74,12,4.0
ii_nonstationary,(ii) non-stationary correlation time,mean,kernel_quadrature,0.260477570574328,0.8007874296444849,0.9915858025726478,4.0,4,2.955;4.591;6.227;8.682,0;0;0;0,1;1;1;1,0.0005505000008270144,42,12,4.0
ii_nonstationary,(ii) non-stationary correlation time,mean,label_aware_greedy,0.26268787824364226,0.8075825889871147,1.0,4.0,4,2.136;3.773;6.227;8.682,0;0;0;0,1;1;1;1,0.0004260829882696271,42,12,4.0
ii_nonstationary,(ii) non-stationary correlation time,mean,label_aware,0.26268787824364226,0.8075825889871147,1.0,4.0,4,2.136;3.773;6.227;8.682,0;0;0;0,1;1;1;1,0.002724125050008297,74,12,4.0
ii_nonstationary,(ii) non-stationary correlation time,mean,exhaustive,0.26268787824364226,0.8075825889871147,1.0,4.0,4,2.136;3.773;6.227;8.682,0;0;0;0,1;1;1;1,0.03326408297289163,495,12,4.0
ii_nonstationary,(ii) non-stationary correlation time,occupation_c0,same_time,0.02406687627140432,0.41689639234651593,0.549224063525634,4.0,1,5.000,0,4,0.0,1,12,4.0
ii_nonstationary,(ii) non-stationary correlation time,occupation_c0,uniform,0.03858736645971287,0.6684263335961614,0.8805924777590435,4.0,4,0.039;3.346;6.654;9.961,0;0;0;0,1;1;1;1,0.0,1,12,4.0
ii_nonstationary,(ii) non-stationary correlation time,occupation_c0,dispersed,0.043333098706258316,0.7506338718872069,0.9888936265852943,4.0,4,1.250;3.750;6.250;8.750,0;0;0;0,1;1;1;1,0.0,1,12,4.0
ii_nonstationary,(ii) non-stationary correlation time,occupation_c0,random,0.04155175607532374,0.7197767175147445,0.9482420593748131,4.0,4,3.773;4.591;7.045;9.500,0;0;0;0,1;1;1;1,0.0025848340010270476,20,12,4.0
ii_nonstationary,(ii) non-stationary correlation time,occupation_c0,mutual_information,0.03992754999700408,0.6916415475474109,0.911176465473968,4.0,4,0.500;2.955;5.409;9.500,0;0;0;0,1;1;1;1,0.00037450005766004324,42,12,4.0
ii_nonstationary,(ii) non-stationary correlation time,occupation_c0,imse,0.042501203825905415,0.7362234444383096,0.9699091650597883,4.0,4,2.136;3.773;7.045;9.500,0;0;0;0,1;1;1;1,0.0003821669379249215,42,12,4.0
ii_nonstationary,(ii) non-stationary correlation time,occupation_c0,linear_target,0.04379415344743494,0.7586204529500419,0.9994152395940278,4.0,4,2.136;3.773;6.227;8.682,0;0;0;0,1;1;1;1,0.0027100000297650695,74,12,4.0
ii_nonstationary,(ii) non-stationary correlation time,occupation_c0,kernel_quadrature,0.043571857398927556,0.7547697487867547,0.994342277997762,4.0,4,2.955;4.591;6.227;8.682,0;0;0;0,1;1;1;1,0.0005505000008270144,42,12,4.0
ii_nonstationary,(ii) non-stationary correlation time,occupation_c0,label_aware_greedy,0.04303022150694935,0.7453873076762149,0.9819817430372254,4.0,4,2.136;3.773;7.045;8.682,0;0;0;0,1;1;1;1,0.005048333085142076,42,12,4.0
ii_nonstationary,(ii) non-stationary correlation time,occupation_c0,label_aware,0.04381977751832618,0.759064323712135,1.0000000000000002,4.0,4,2.136;4.591;6.227;8.682,0;0;0;0,1;1;1;1,0.012773290975019336,96,12,4.0
ii_nonstationary,(ii) non-stationary correlation time,occupation_c0,exhaustive,0.04381977751832617,0.7590643237121348,1.0,4.0,4,2.136;4.591;6.227;8.682,0;0;0;0,1;1;1;1,0.06343116599600762,495,12,4.0
ii_nonstationary,(ii) non-stationary correlation time,occupation_c1.5,same_time,0.0034691079116556567,0.32927290577264173,0.48859786632108687,4.0,1,5.000,0,4,0.0,1,12,4.0
ii_nonstationary,(ii) non-stationary correlation time,occupation_c1.5,uniform,0.005982608661737046,0.5678436613436387,0.8426056212715816,4.0,4,0.039;3.346;6.654;9.961,0;0;0;0,1;1;1;1,0.0,1,12,4.0
ii_nonstationary,(ii) non-stationary correlation time,occupation_c1.5,dispersed,0.006906844637548955,0.6555681925848588,0.972777336092458,4.0,4,1.250;3.750;6.250;8.750,0;0;0;0,1;1;1;1,0.0,1,12,4.0
ii_nonstationary,(ii) non-stationary correlation time,occupation_c1.5,random,0.006753837152417173,0.6410453756194271,0.9512273778120122,4.0,4,3.773;4.591;7.045;9.500,0;0;0;0,1;1;1;1,0.01297316700220108,20,12,4.0
ii_nonstationary,(ii) non-stationary correlation time,occupation_c1.5,mutual_information,0.00616502305088718,0.5851576560361648,0.8682973217302401,4.0,4,0.500;2.955;5.409;9.500,0;0;0;0,1;1;1;1,0.00037450005766004324,42,12,4.0
ii_nonstationary,(ii) non-stationary correlation time,occupation_c1.5,imse,0.006776133288593781,0.643161629634388,0.954367621598172,4.0,4,2.136;3.773;7.045;9.500,0;0;0;0,1;1;1;1,0.0003821669379249215,42,12,4.0
ii_nonstationary,(ii) non-stationary correlation time,occupation_c1.5,linear_target,0.007034306782705795,0.6676663549887422,0.9907294245677392,4.0,4,2.136;3.773;6.227;8.682,0;0;0;0,1;1;1;1,0.0027100000297650695,74,12,4.0
ii_nonstationary,(ii) non-stationary correlation time,occupation_c1.5,kernel_quadrature,0.007077074447644062,0.6717256790760731,0.9967529298516667,4.0,4,2.955;4.591;6.227;8.682,0;0;0;0,1;1;1;1,0.0005505000008270144,42,12,4.0
ii_nonstationary,(ii) non-stationary correlation time,occupation_c1.5,label_aware_greedy,0.007090521360944883,0.6730020026523325,0.9986468268749652,4.0,4,2.955;4.591;7.045;8.682,0;0;0;0,1;1;1;1,0.02666979201603681,42,12,4.0
ii_nonstationary,(ii) non-stationary correlation time,occupation_c1.5,label_aware,0.007100129064779621,0.6739139248640452,1.0,4.0,4,2.955;5.409;7.045;8.682,0;0;0;0,1;1;1;1,0.05602237500716001,87,12,4.0
ii_nonstationary,(ii) non-stationary correlation time,occupation_c1.5,exhaustive,0.007100129064779621,0.6739139248640452,1.0,4.0,4,2.955;5.409;7.045;8.682,0;0;0;0,1;1;1;1,0.31411816691979766,495,12,4.0
ii_nonstationary,(ii) non-stationary correlation time,two_sided_c1.2,same_time,0.005224269405862969,0.2181337524707027,0.36995011150708423,4.0,1,5.000,0,4,0.0,1,12,4.0
ii_nonstationary,(ii) non-stationary correlation time,two_sided_c1.2,uniform,0.010737529045690345,0.44833398146945297,0.7603647054085121,4.0,4,0.039;3.346;6.654;9.961,0;0;0;0,1;1;1;1,0.0,1,12,4.0
ii_nonstationary,(ii) non-stationary correlation time,two_sided_c1.2,dispersed,0.013081623562997972,0.5462091279219836,0.926358830268896,4.0,4,1.250;3.750;6.250;8.750,0;0;0;0,1;1;1;1,0.0,1,12,4.0
ii_nonstationary,(ii) non-stationary correlation time,two_sided_c1.2,random,0.013237359339251617,0.5527117078291417,0.9373870647098725,4.0,4,3.773;4.591;7.045;9.500,0;0;0;0,1;1;1;1,0.02479470893740654,20,12,4.0
ii_nonstationary,(ii) non-stationary correlation time,two_sided_c1.2,mutual_information,0.010966390419368654,0.4578898420803211,0.7765712376782561,4.0,4,0.500;2.955;5.409;9.500,0;0;0;0,1;1;1;1,0.00037450005766004324,42,12,4.0
ii_nonstationary,(ii) non-stationary correlation time,two_sided_c1.2,imse,0.012831626520598046,0.5357707701864363,0.9086556020225693,4.0,4,2.136;3.773;7.045;9.500,0;0;0;0,1;1;1;1,0.0003821669379249215,42,12,4.0
ii_nonstationary,(ii) non-stationary correlation time,two_sided_c1.2,linear_target,0.013518443837123046,0.5644480888460219,0.9572917122791094,4.0,4,2.136;3.773;6.227;8.682,0;0;0;0,1;1;1;1,0.0027100000297650695,74,12,4.0
ii_nonstationary,(ii) non-stationary correlation time,two_sided_c1.2,kernel_quadrature,0.013869290126157341,0.5790972984525524,0.9821364539389517,4.0,4,2.955;4.591;6.227;8.682,0;0;0;0,1;1;1;1,0.0005505000008270144,42,12,4.0
ii_nonstationary,(ii) non-stationary correlation time,two_sided_c1.2,label_aware_greedy,0.013931756563521917,0.581705517387533,0.9865599366641229,4.0,4,2.955;4.591;7.045;8.682,0;0;0;0,1;1;1;1,0.05293074995279312,42,12,4.0
ii_nonstationary,(ii) non-stationary correlation time,two_sided_c1.2,label_aware,0.014121551104770863,0.5896301844107584,1.0,4.0,4,3.773;5.409;7.045;8.682,0;0;0;0,1;1;1;1,0.14898345794063061,115,12,4.0
ii_nonstationary,(ii) non-stationary correlation time,two_sided_c1.2,exhaustive,0.014121551104770863,0.5896301844107584,1.0,4.0,4,3.773;5.409;7.045;8.682,0;0;0;0,1;1;1;1,0.6643097499618307,495,12,4.0
ii_nonstationary,(ii) non-stationary correlation time,sigmoid,same_time,0.013608977200823658,0.44364298060081314,0.5564636245121918,4.0,1,5.000,0,4,0.0,1,12,4.0
ii_nonstationary,(ii) non-stationary correlation time,sigmoid,uniform,0.021673369877250485,0.7065364479723972,0.8862122244247882,4.0,4,0.039;3.346;6.654;9.961,0;0;0;0,1;1;1;1,0.0,1,12,4.0
ii_nonstationary,(ii) non-stationary correlation time,sigmoid,dispersed,0.024225965956042584,0.7897492652145877,0.9905864801061256,4.0,4,1.250;3.750;6.250;8.750,0;0;0;0,1;1;1;1,0.0,1,12,4.0
ii_nonstationary,(ii) non-stationary correlation time,sigmoid,random,0.023130210753758262,0.7540284247152119,0.9457816499970474,4.0,4,3.773;4.591;7.045;9.500,0;0;0;0,1;1;1;1,0.012475499999709427,20,12,4.0
ii_nonstationary,(ii) non-stationary correlation time,sigmoid,mutual_information,0.022439777102609915,0.7315207785943839,0.9175501961314371,4.0,4,0.500;2.955;5.409;9.500,0;0;0;0,1;1;1;1,0.00037450005766004324,42,12,4.0
ii_nonstationary,(ii) non-stationary correlation time,sigmoid,imse,0.023750891294888013,0.7742621690447316,0.9711609373956878,4.0,4,2.136;3.773;7.045;9.500,0;0;0;0,1;1;1;1,0.0003821669379249215,42,12,4.0
ii_nonstationary,(ii) non-stationary correlation time,sigmoid,linear_target,0.02445618473759823,0.7972542338049865,1.0,4.0,4,2.136;3.773;6.227;8.682,0;0;0;0,1;1;1;1,0.0027100000297650695,74,12,4.0
ii_nonstationary,(ii) non-stationary correlation time,sigmoid,kernel_quadrature,0.02427449566539694,0.7913312992343341,0.9925708333433558,4.0,4,2.955;4.591;6.227;8.682,0;0;0;0,1;1;1;1,0.0005505000008270144,42,12,4.0
ii_nonstationary,(ii) non-stationary correlation time,sigmoid,label_aware_greedy,0.02445618473759823,0.7972542338049865,1.0,4.0,4,2.136;3.773;6.227;8.682,0;0;0;0,1;1;1;1,0.02779283293057233,42,12,4.0
ii_nonstationary,(ii) non-stationary correlation time,sigmoid,label_aware,0.02445618473759823,0.7972542338049865,1.0,4.0,4,2.136;3.773;6.227;8.682,0;0;0;0,1;1;1;1,0.04600474995095283,74,12,4.0
ii_nonstationary,(ii) non-stationary correlation time,sigmoid,exhaustive,0.02445618473759823,0.7972542338049865,1.0,4.0,4,2.136;3.773;6.227;8.682,0;0;0;0,1;1;1;1,0.2642924159299582,495,12,4.0
iii_heterogeneous,"(iii) heterogeneous widths, costs and noise",mean,same_time,0.01307310897978748,0.10028815504549643,0.5207440871127629,4.0,1,5.000,0,4,0.0,1,18,4.0
iii_heterogeneous,"(iii) heterogeneous widths, costs and noise",mean,uniform,0.017149820970412195,0.13156196488091723,0.6831326717456765,4.0,4,0.039;3.346;6.654;9.961,0;0;0;0,1;1;1;1,0.0,1,18,4.0
iii_heterogeneous,"(iii) heterogeneous widths, costs and noise",mean,dispersed,0.024445412354695877,0.18752886617630626,0.9737396024482693,4.0,4,1.250;3.750;6.250;8.750,0;0;0;0,1;1;1;1,0.0,1,18,4.0
iii_heterogeneous,"(iii) heterogeneous widths, costs and noise",mean,random,0.0211851732766576,0.16251849085937045,0.8438737667784748,3.525,3,2.300;2.300;5.900,3.5;0;0,1;1;1,0.0013271659845486283,20,18,4.0
iii_heterogeneous,"(iii) heterogeneous widths, costs and noise",mean,mutual_information,0.024973987403234497,0.19158374069031675,0.9947944511110778,4.0,4,0.500;2.300;4.100;5.900,0;0;0;0,1;1;1;1,0.0005490420153364539,66,18,4.0
iii_heterogeneous,"(iii) heterogeneous widths, costs and noise",mean,imse,0.02030304988840495,0.15575142976723697,0.808735947668524,3.225,3,0.500;2.300;4.100,1.5;0;0,1;1;1,0.0005315840244293213,66,18,4.0
iii_heterogeneous,"(iii) heterogeneous widths, costs and noise",mean,linear_target,0.025104670995441575,0.1925862578709988,1.0,4.0,4,2.300;4.100;5.900;7.700,0;0;0;0,1;1;1;1,0.0012301669921725988,62,18,4.0
iii_heterogeneous,"(iii) heterogeneous widths, costs and noise",mean,kernel_quadrature,0.017568471605389935,0.1347735727590018,0.6998088765465185,3.05,2,2.300;5.900,3.5;3.5,1;1,0.0004930419381707907,35,18,4.0
iii_heterogeneous,"(iii) heterogeneous widths, costs and noise",mean,label_aware_greedy,0.025104670995441575,0.1925862578709988,1.0,4.0,4,2.300;4.100;5.900;7.700,0;0;0;0,1;1;1;1,0.0005192080279812217,54,18,4.0
iii_heterogeneous,"(iii) heterogeneous widths, costs and noise",mean,label_aware,0.025104670995441575,0.1925862578709988,1.0,4.0,4,2.300;4.100;5.900;7.700,0;0;0;0,1;1;1;1,0.0012212499277666211,62,18,4.0
iii_heterogeneous,"(iii) heterogeneous widths, costs and noise",mean,exhaustive,0.025104670995441575,0.1925862578709988,1.0,4.0,4,2.300;4.100;5.900;7.700,0;0;0;0,1;1;1;1,0.05257970897946507,802,18,4.0
iii_heterogeneous,"(iii) heterogeneous widths, costs and noise",occupation_c0,same_time,0.0020996145070560886,0.09164592734830809,0.5241087301396042,4.0,1,5.000,0,4,0.0,1,18,4.0
iii_heterogeneous,"(iii) heterogeneous widths, costs and noise",occupation_c0,uniform,0.0027371994824409523,0.11947582952136117,0.6832635896064448,4.0,4,0.039;3.346;6.654;9.961,0;0;0;0,1;1;1;1,0.0,1,18,4.0
iii_heterogeneous,"(iii) heterogeneous widths, costs and noise",occupation_c0,dispersed,0.0039017804931409097,0.17030854492656883,0.9739679415774453,4.0,4,1.250;3.750;6.250;8.750,0;0;0;0,1;1;1;1,0.0,1,18,4.0
iii_heterogeneous,"(iii) heterogeneous widths, costs and noise",occupation_c0,random,0.003381441381884105,0.1475962993088782,0.8440801598316654,3.525,3,2.300;2.300;5.900,3.5;0;0,1;1;1,0.0022662500850856304,20,18,4.0
iii_heterogeneous,"(iii) heterogeneous widths, costs and noise",occupation_c0,mutual_information,0.003990055462200783,0.17416165290136487,0.9960032636718582,4.0,4,0.500;2.300;4.100;5.900,0;0;0;0,1;1;1;1,0.0005490420153364539,66,18,4.0
iii_heterogeneous,"(iii) heterogeneous widths, costs and noise",occupation_c0,imse,0.0032439751020338593,0.14159604323631847,0.8097656334616098,3.225,3,0.500;2.300;4.100,1.5;0;0,1;1;1,0.0005315840244293213,66,18,4.0
iii_heterogeneous,"(iii) heterogeneous widths, costs and noise",occupation_c0,linear_target,0.004006066654331106,0.17486052431123753,1.0,4.0,4,2.300;4.100;5.900;7.700,0;0;0;0,1;1;1;1,0.0012301669921725988,62,18,4.0
iii_heterogeneous,"(iii) heterogeneous widths, costs and noise",occupation_c0,kernel_quadrature,0.0027971459986993927,0.12209243083333642,0.6982275234175885,3.05,2,2.300;5.900,3.5;3.5,1;1,0.0004930419381707907,35,18,4.0
iii_heterogeneous,"(iii) heterogeneous widths, costs and noise",occupation_c0,label_aware_greedy,0.004006066654331106,0.17486052431123753,1.0,4.0,4,2.300;4.100;5.900;7.700,0;0;0;0,1;1;1;1,0.005313458968885243,54,18,4.0
iii_heterogeneous,"(iii) heterogeneous widths, costs and noise",occupation_c0,label_aware,0.004006066654331106,0.17486052431123753,1.0,4.0,4,2.300;4.100;5.900;7.700,0;0;0;0,1;1;1;1,0.006392374983988702,62,18,4.0
iii_heterogeneous,"(iii) heterogeneous widths, costs and noise",occupation_c0,exhaustive,0.004006066654331106,0.17486052431123753,1.0,4.0,4,2.300;4.100;5.900;7.700,0;0;0;0,1;1;1;1,0.09390962508041412,802,18,4.0
iii_heterogeneous,"(iii) heterogeneous widths, costs and noise",occupation_c1.5,same_time,0.0002643631978043093,0.06580018583014212,0.5528771439566503,4.0,1,5.000,0,4,0.0,1,18,4.0
iii_heterogeneous,"(iii) heterogeneous widths, costs and noise",occupation_c1.5,uniform,0.0003196187836461985,0.07955334000117406,0.6684361580011431,4.0,4,0.039;3.346;6.654;9.961,0;0;0;0,1;1;1;1,0.0,1,18,4.0
iii_heterogeneous,"(iii) heterogeneous widths, costs and noise",occupation_c1.5,dispersed,0.0004582759674979384,0.11406521056374122,0.9584174732285703,4.0,4,1.250;3.750;6.250;8.750,0;0;0;0,1;1;1;1,0.0,1,18,4.0
iii_heterogeneous,"(iii) heterogeneous widths, costs and noise",occupation_c1.5,random,0.000397439938879612,0.09892308026156167,0.8311877754812197,3.525,3,2.300;2.300;5.900,3.5;0;0,1;1;1,0.008052708930335939,20,18,4.0
iii_heterogeneous,"(iii) heterogeneous widths, costs and noise",occupation_c1.5,mutual_information,0.0004781590280842526,0.11901411832517596,1.0,4.0,4,0.500;2.300;4.100;5.900,0;0;0;0,1;1;1;1,0.0005490420153364539,66,18,4.0
iii_heterogeneous,"(iii) heterogeneous widths, costs and noise",occupation_c1.5,imse,0.00039169861151059054,0.09749405984218795,0.8191806250734901,3.225,3,0.500;2.300;4.100,1.5;0;0,1;1;1,0.0005315840244293213,66,18,4.0
iii_heterogeneous,"(iii) heterogeneous widths, costs and noise",occupation_c1.5,linear_target,0.00046982065562822556,0.11693869155743931,0.9825615078534963,4.0,4,2.300;4.100;5.900;7.700,0;0;0;0,1;1;1;1,0.0012301669921725988,62,18,4.0
iii_heterogeneous,"(iii) heterogeneous widths, costs and noise",occupation_c1.5,kernel_quadrature,0.0003090622529926859,0.07692581209830422,0.6463587108894417,3.05,2,2.300;5.900,3.5;3.5,1;1,0.0004930419381707907,35,18,4.0
iii_heterogeneous,"(iii) heterogeneous widths, costs and noise",occupation_c1.5,label_aware_greedy,0.0004781590280842526,0.11901411832517596,1.0,4.0,4,0.500;2.300;4.100;5.900,0;0;0;0,1;1;1;1,0.019977041985839605,54,18,4.0
iii_heterogeneous,"(iii) heterogeneous widths, costs and noise",occupation_c1.5,label_aware,0.0004781590280842526,0.11901411832517596,1.0,4.0,4,0.500;2.300;4.100;5.900,0;0;0;0,1;1;1;1,0.023414833936840296,62,18,4.0
iii_heterogeneous,"(iii) heterogeneous widths, costs and noise",occupation_c1.5,exhaustive,0.0004781590280842526,0.11901411832517596,1.0,4.0,4,0.500;2.300;4.100;5.900,0;0;0;0,1;1;1;1,0.3092741669388488,802,18,4.0
iii_heterogeneous,"(iii) heterogeneous widths, costs and noise",two_sided_c1.2,same_time,0.00024410967567412432,0.028315270317618376,0.6899733024489475,4.0,1,5.000,0,4,0.0,1,18,4.0
iii_heterogeneous,"(iii) heterogeneous widths, costs and noise",two_sided_c1.2,uniform,0.00017732913977516323,0.020569125390291605,0.5012188552265147,4.0,4,0.039;3.346;6.654;9.961,0;0;0;0,1;1;1;1,0.0,1,18,4.0
iii_heterogeneous,"(iii) heterogeneous widths, costs and noise",two_sided_c1.2,dispersed,0.00026806172571632687,0.031093565646278215,0.7576735073769274,4.0,4,1.250;3.750;6.250;8.750,0;0;0;0,1;1;1;1,0.0,1,18,4.0
iii_heterogeneous,"(iii) heterogeneous widths, costs and noise",two_sided_c1.2,random,0.00028815927993746976,0.033424762387755734,0.8144790224341031,3.225,3,0.500;0.500;4.100,1.5;0;0,1;1;1,0.014633790939114988,20,18,4.0
iii_heterogeneous,"(iii) heterogeneous widths, costs and noise",two_sided_c1.2,mutual_information,0.0003280881479394741,0.03805627356334122,0.9273375268842458,4.0,4,0.500;2.300;4.100;5.900,0;0;0;0,1;1;1;1,0.0005490420153364539,66,18,4.0
iii_heterogeneous,"(iii) heterogeneous widths, costs and noise",two_sided_c1.2,imse,0.00028356896071856914,0.0328923126633915,0.8015045358554236,3.225,3,0.500;2.300;4.100,1.5;0;0,1;1;1,0.0005315840244293213,66,18,4.0
iii_heterogeneous,"(iii) heterogeneous widths, costs and noise",two_sided_c1.2,linear_target,0.0002713298262687304,0.031472645870406636,0.7669107574967763,4.0,4,2.300;4.100;5.900;7.700,0;0;0;0,1;1;1;1,0.0012301669921725988,62,18,4.0
iii_heterogeneous,"(iii) heterogeneous widths, costs and noise",two_sided_c1.2,kernel_quadrature,8.165849153729059e-05,0.009471899281427899,0.23080682452832452,3.05,2,2.300;5.900,3.5;3.5,1;1,0.0004930419381707907,35,18,4.0
iii_heterogeneous,"(iii) heterogeneous widths, costs and noise",two_sided_c1.2,label_aware_greedy,0.0003228092633925138,0.03744395435678007,0.9124168180100296,3.225,3,0.500;0.500;2.300,0;1.5;0,1;1;1,0.030639957985840738,51,18,4.0
iii_heterogeneous,"(iii) heterogeneous widths, costs and noise",two_sided_c1.2,label_aware,0.0003537958277627511,0.04103821150342768,1.0000000000000002,3.975,3,0.500;0.500;2.300,3.5;1.5;1.5,1;1;1,0.07832550001330674,114,18,4.0
iii_heterogeneous,"(iii) heterogeneous widths, costs and noise",two_sided_c1.2,exhaustive,0.00035379582776275104,0.04103821150342767,1.0,3.975,3,0.500;0.500;2.300,1.5;3.5;1.5,1;1;1,0.5911825420334935,802,18,4.0
iii_heterogeneous,"(iii) heterogeneous widths, costs and noise",sigmoid,same_time,0.0012027970865564788,0.09823234368899712,0.5218767501275017,4.0,1,5.000,0,4,0.0,1,18,4.0
iii_heterogeneous,"(iii) heterogeneous widths, costs and noise",sigmoid,uniform,0.0015745502785565544,0.12859339771231712,0.6831752350165525,4.0,4,0.039;3.346;6.654;9.961,0;0;0;0,1;1;1;1,0.0,1,18,4.0
iii_heterogeneous,"(iii) heterogeneous widths, costs and noise",sigmoid,dispersed,0.0022444108396869103,0.18330085718334718,0.9738183173689804,4.0,4,1.250;3.750;6.250;8.750,0;0;0;0,1;1;1;1,0.0,1,18,4.0
iii_heterogeneous,"(iii) heterogeneous widths, costs and noise",sigmoid,random,0.001945084528555497,0.15885490083804138,0.8439448381039636,3.525,3,2.300;2.300;5.900,3.5;0;0,1;1;1,0.010584790958091617,20,18,4.0
iii_heterogeneous,"(iii) heterogeneous widths, costs and noise",sigmoid,mutual_information,0.002293729635662782,0.18732871938120083,0.9952170497501637,4.0,4,0.500;2.300;4.100;5.900,0;0;0;0,1;1;1;1,0.0005490420153364539,66,18,4.0
iii_heterogeneous,"(iii) heterogeneous widths, costs and noise",sigmoid,imse,0.0018647797973565562,0.15229641974164035,0.8091017439475345,3.225,3,0.500;2.300;4.100,1.5;0;0,1;1;1,0.0005315840244293213,66,18,4.0
iii_heterogeneous,"(iii) heterogeneous widths, costs and noise",sigmoid,linear_target,0.0023047531553429404,0.18822900936858675,1.0,4.0,4,2.300;4.100;5.900;7.700,0;0;0;0,1;1;1;1,0.0012301669921725988,62,18,4.0
iii_heterogeneous,"(iii) heterogeneous widths, costs and noise",sigmoid,kernel_quadrature,0.001611591667479401,0.1316185650394214,0.6992469730406339,3.05,2,2.300;5.900,3.5;3.5,1;1,0.0004930419381707907,35,18,4.0
iii_heterogeneous,"(iii) heterogeneous widths, costs and noise",sigmoid,label_aware_greedy,0.0023047531553429404,0.18822900936858675,1.0,4.0,4,2.300;4.100;5.900;7.700,0;0;0;0,1;1;1;1,0.0298944580135867,54,18,4.0
iii_heterogeneous,"(iii) heterogeneous widths, costs and noise",sigmoid,label_aware,0.0023047531553429404,0.18822900936858675,1.0,4.0,4,2.300;4.100;5.900;7.700,0;0;0;0,1;1;1;1,0.0346819160040468,62,18,4.0
iii_heterogeneous,"(iii) heterogeneous widths, costs and noise",sigmoid,exhaustive,0.0023047531553429404,0.18822900936858675,1.0,4.0,4,2.300;4.100;5.900;7.700,0;0;0;0,1;1;1;1,0.41912070801481605,802,18,4.0
iv_recency,(iv) recency-weighted label,mean,same_time,0.029707377771442507,0.143907760886298,0.24635124972909792,4.0,1,5.000,0,4,0.0,1,12,4.0
iv_recency,(iv) recency-weighted label,mean,uniform,0.07531747735466306,0.3648511021438334,0.6245773294269222,4.0,4,0.039;3.346;6.654;9.961,0;0;0;0,1;1;1;1,0.0,1,12,4.0
iv_recency,(iv) recency-weighted label,mean,dispersed,0.10020907759189472,0.48543038997516447,0.8309932868829133,4.0,4,1.250;3.750;6.250;8.750,0;0;0;0,1;1;1;1,0.0,1,12,4.0
iv_recency,(iv) recency-weighted label,mean,random,0.11298059804814636,0.5472978804724073,0.9369023324252238,4.0,4,2.136;6.227;7.864;9.500,0;0;0;0,1;1;1;1,0.0012987920781597495,20,12,4.0
iv_recency,(iv) recency-weighted label,mean,mutual_information,0.0997109474260602,0.4830173598737976,0.8268624952046567,4.0,4,0.500;4.591;7.045;9.500,0;0;0;0,1;1;1;1,0.0003703329712152481,42,12,4.0
iv_recency,(iv) recency-weighted label,mean,imse,0.12058951519064938,0.5841568128619088,1.0,4.0,4,5.409;7.045;8.682;9.500,0;0;0;0,1;1;1;1,0.00037520797923207283,42,12,4.0
iv_recency,(iv) recency-weighted label,mean,linear_target,0.12058951519064938,0.5841568128619088,1.0,4.0,4,5.409;7.045;8.682;9.500,0;0;0;0,1;1;1;1,0.0026052910834550858,74,12,4.0
iv_recency,(iv) recency-weighted label,mean,kernel_quadrature,0.11617515265064102,0.5627728646130793,0.9633934796650492,4.0,4,3.773;6.227;7.864;8.682,0;0;0;0,1;1;1;1,0.0005615419941022992,42,12,4.0
iv_recency,(iv) recency-weighted label,mean,label_aware_greedy,0.12058951519064938,0.5841568128619088,1.0,4.0,4,5.409;7.045;8.682;9.500,0;0;0;0,1;1;1;1,0.0004460420459508896,42,12,4.0
iv_recency,(iv) recency-weighted label,mean,label_aware,0.12058951519064938,0.5841568128619088,1.0,4.0,4,5.409;7.045;8.682;9.500,0;0;0;0,1;1;1;1,0.002593957935459912,74,12,4.0
iv_recency,(iv) recency-weighted label,mean,exhaustive,0.12058951519064938,0.5841568128619088,1.0,4.0,4,5.409;7.045;8.682;9.500,0;0;0;0,1;1;1;1,0.03092866693623364,495,12,4.0
iv_recency,(iv) recency-weighted label,occupation_c0,same_time,0.004812564646002883,0.1322751487272676,0.24492096321807802,4.0,1,5.000,0,4,0.0,1,12,4.0
iv_recency,(iv) recency-weighted label,occupation_c0,uniform,0.012137875295648963,0.3336140661089068,0.6177205559826315,4.0,4,0.039;3.346;6.654;9.961,0;0;0;0,1;1;1;1,0.0,1,12,4.0
iv_recency,(iv) recency-weighted label,occupation_c0,dispersed,0.016177013667572068,0.4446313028996668,0.8232803215941237,4.0,4,1.250;3.750;6.250;8.750,0;0;0;0,1;1;1;1,0.0,1,12,4.0
iv_recency,(iv) recency-weighted label,occupation_c0,random,0.018320608910612175,0.5035488241052664,0.9323721365188595,4.0,4,2.136;6.227;7.864;9.500,0;0;0;0,1;1;1;1,0.002353499992750585,20,12,4.0
iv_recency,(iv) recency-weighted label,occupation_c0,mutual_information,0.016128215657167648,0.44329007123658665,0.8207968940268072,4.0,4,0.500;4.591;7.045;9.500,0;0;0;0,1;1;1;1,0.0003703329712152481,42,12,4.0
iv_recency,(iv) recency-weighted label,occupation_c0,imse,0.01964945990236764,0.5400727932361167,1.0,4.0,4,5.409;7.045;8.682;9.500,0;0;0;0,1;1;1;1,0.00037520797923207283,42,12,4.0
iv_recency,(iv) recency-weighted label,occupation_c0,linear_target,0.01964945990236764,0.5400727932361167,1.0,4.0,4,5.409;7.045;8.682;9.500,0;0;0;0,1;1;1;1,0.0026052910834550858,74,12,4.0
iv_recency,(iv) recency-weighted label,occupation_c0,kernel_quadrature,0.018853253221140513,0.5181887532441687,0.9594794622761521,4.0,4,3.773;6.227;7.864;8.682,0;0;0;0,1;1;1;1,0.0005615419941022992,42,12,4.0
iv_recency,(iv) recency-weighted label,occupation_c0,label_aware_greedy,0.01964945990236764,0.5400727932361167,1.0,4.0,4,5.409;7.045;8.682;9.500,0;0;0;0,1;1;1;1,0.004205083008855581,42,12,4.0
iv_recency,(iv) recency-weighted label,occupation_c0,label_aware,0.01964945990236764,0.5400727932361167,1.0,4.0,4,5.409;7.045;8.682;9.500,0;0;0;0,1;1;1;1,0.008091416908428073,74,12,4.0
iv_recency,(iv) recency-weighted label,occupation_c0,exhaustive,0.01964945990236764,0.5400727932361167,1.0,4.0,4,5.409;7.045;8.682;9.500,0;0;0;0,1;1;1;1,0.05645475001074374,495,12,4.0
iv_recency,(iv) recency-weighted label,occupation_c1.5,same_time,0.0006409153985450516,0.09902542071251118,0.22332394407089665,4.0,1,5.000,0,4,0.0,1,12,4.0
iv_recency,(iv) recency-weighted label,occupation_c1.5,uniform,0.0015867810852321172,0.24516756018106542,0.5529063759984302,4.0,4,0.039;3.346;6.654;9.961,0;0;0;0,1;1;1;1,0.0,1,12,4.0
iv_recency,(iv) recency-weighted label,occupation_c1.5,dispersed,0.0021711540446132625,0.3354568218950129,0.7565283741492607,4.0,4,1.250;3.750;6.250;8.750,0;0;0;0,1;1;1;1,0.0,1,12,4.0
iv_recency,(iv) recency-weighted label,occupation_c1.5,random,0.0025940593126208213,0.40079831966687846,0.9038877177290964,4.0,4,3.773;7.045;7.864;8.682,0;0;0;0,1;1;1;1,0.01092270901426673,20,12,4.0
iv_recency,(iv) recency-weighted label,occupation_c1.5,mutual_information,0.002193101871421746,0.3388478978285437,0.7641759907579151,4.0,4,0.500;4.591;7.045;9.500,0;0;0;0,1;1;1;1,0.0003703329712152481,42,12,4.0
iv_recency,(iv) recency-weighted label,occupation_c1.5,imse,0.0028323094089761506,0.43760944338139846,0.986904838731539,4.0,4,5.409;7.045;8.682;9.500,0;0;0;0,1;1;1;1,0.00037520797923207283,42,12,4.0
iv_recency,(iv) recency-weighted label,occupation_c1.5,linear_target,0.0028323094089761497,0.43760944338139834,0.9869048387315388,4.0,4,5.409;7.045;8.682;9.500,0;0;0;0,1;1;1;1,0.0026052910834550858,74,12,4.0
iv_recency,(iv) recency-weighted label,occupation_c1.5,kernel_quadrature,0.002640396048274112,0.4079576339116726,0.920033534454603,4.0,4,3.773;6.227;7.864;8.682,0;0;0;0,1;1;1;1,0.0005615419941022992,42,12,4.0
iv_recency,(iv) recency-weighted label,occupation_c1.5,label_aware_greedy,0.0028323094089761506,0.43760944338139846,0.986904838731539,4.0,4,5.409;7.045;8.682;9.500,0;0;0;0,1;1;1;1,0.01878400007262826,42,12,4.0
iv_recency,(iv) recency-weighted label,occupation_c1.5,label_aware,0.0028323094089761506,0.43760944338139846,0.986904838731539,4.0,4,5.409;7.045;8.682;9.500,0;0;0;0,1;1;1;1,0.03572133299894631,74,12,4.0
iv_recency,(iv) recency-weighted label,occupation_c1.5,exhaustive,0.002869891095697226,0.44341604803949936,1.0,4.0,4,6.227;7.864;8.682;9.500,0;0;0;0,1;1;1;1,0.2583558749174699,495,12,4.0
iv_recency,(iv) recency-weighted label,two_sided_c1.2,same_time,0.000751610380315781,0.05294777029653854,0.16190285451175415,4.0,1,5.000,0,4,0.0,1,12,4.0
iv_recency,(iv) recency-weighted label,two_sided_c1.2,uniform,0.0017398920799023931,0.12256803338550744,0.37478659376715895,4.0,4,0.039;3.346;6.654;9.961,0;0;0;0,1;1;1;1,0.0,1,12,4.0
iv_recency,(iv) recency-weighted label,two_sided_c1.2,dispersed,0.002637887100196093,0.18582798203332945,0.5682218641286558,4.0,4,1.250;3.750;6.250;8.750,0;0;0;0,1;1;1;1,0.0,1,12,4.0
iv_recency,(iv) recency-weighted label,two_sided_c1.2,random,0.0037526884867466214,0.2643610216070256,0.8083589503412775,4.0,4,3.773;7.045;7.864;8.682,0;0;0;0,1;1;1;1,0.021403584047220647,20,12,4.0
iv_recency,(iv) recency-weighted label,two_sided_c1.2,mutual_information,0.0027885547034740324,0.196441877022564,0.6006768643415245,4.0,4,0.500;4.591;7.045;9.500,0;0;0;0,1;1;1;1,0.0003703329712152481,42,12,4.0
iv_recency,(iv) recency-weighted label,two_sided_c1.2,imse,0.004295079500991089,0.30257017303074185,0.9251942891917206,4.0,4,5.409;7.045;8.682;9.500,0;0;0;0,1;1;1;1,0.00037520797923207283,42,12,4.0
iv_recency,(iv) recency-weighted label,two_sided_c1.2,linear_target,0.004295079500991089,0.30257017303074185,0.9251942891917206,4.0,4,5.409;7.045;8.682;9.500,0;0;0;0,1;1;1;1,0.0026052910834550858,74,12,4.0
iv_recency,(iv) recency-weighted label,two_sided_c1.2,kernel_quadrature,0.0036904185502550386,0.2599743681226084,0.7949455107024884,4.0,4,3.773;6.227;7.864;8.682,0;0;0;0,1;1;1;1,0.0005615419941022992,42,12,4.0
iv_recency,(iv) recency-weighted label,two_sided_c1.2,label_aware_greedy,0.004642354099205917,0.3270341987249801,1.0,4.0,4,7.045;7.864;8.682;9.500,0;0;0;0,1;1;1;1,0.03695237496867776,42,12,4.0
iv_recency,(iv) recency-weighted label,two_sided_c1.2,label_aware,0.004642354099205917,0.3270341987249801,1.0,4.0,4,7.045;7.864;8.682;9.500,0;0;0;0,1;1;1;1,0.06961174996104091,74,12,4.0
iv_recency,(iv) recency-weighted label,two_sided_c1.2,exhaustive,0.004642354099205917,0.3270341987249801,1.0,4.0,4,7.045;7.864;8.682;9.500,0;0;0;0,1;1;1;1,0.5209470420377329,495,12,4.0
iv_recency,(iv) recency-weighted label,sigmoid,same_time,0.0027403445540197186,0.14112596207305267,0.24580326586578607,4.0,1,5.000,0,4,0.0,1,12,4.0
iv_recency,(iv) recency-weighted label,sigmoid,uniform,0.006937393706670935,0.35727126346113913,0.6222699357988093,4.0,4,0.039;3.346;6.654;9.961,0;0;0;0,1;1;1;1,0.0,1,12,4.0
iv_recency,(iv) recency-weighted label,sigmoid,dispersed,0.009235732574706767,0.47563422020891805,0.8284262014409495,4.0,4,1.250;3.750;6.250;8.750,0;0;0;0,1;1;1;1,0.0,1,12,4.0
iv_recency,(iv) recency-weighted label,sigmoid,random,0.010428523785852396,0.5370621917310704,0.9354171178808287,4.0,4,2.136;6.227;7.864;9.500,0;0;0;0,1;1;1;1,0.010538417031057179,20,12,4.0
iv_recency,(iv) recency-weighted label,sigmoid,mutual_information,0.00919572218595591,0.4735737112130333,0.8248373519259884,4.0,4,0.500;4.591;7.045;9.500,0;0;0;0,1;1;1;1,0.0003703329712152481,42,12,4.0
iv_recency,(iv) recency-weighted label,sigmoid,imse,0.011148527845500663,0.5741419324758301,1.0,4.0,4,5.409;7.045;8.682;9.500,0;0;0;0,1;1;1;1,0.00037520797923207283,42,12,4.0
iv_recency,(iv) recency-weighted label,sigmoid,linear_target,0.011148527845500663,0.5741419324758301,1.0,4.0,4,5.409;7.045;8.682;9.500,0;0;0;0,1;1;1;1,0.0026052910834550858,74,12,4.0
iv_recency,(iv) recency-weighted label,sigmoid,kernel_quadrature,0.010725999085418216,0.552381976165701,0.9621000399390873,4.0,4,3.773;6.227;7.864;8.682,0;0;0;0,1;1;1;1,0.0005615419941022992,42,12,4.0
iv_recency,(iv) recency-weighted label,sigmoid,label_aware_greedy,0.011148527845500663,0.5741419324758301,1.0,4.0,4,5.409;7.045;8.682;9.500,0;0;0;0,1;1;1;1,0.023901915992610157,42,12,4.0
iv_recency,(iv) recency-weighted label,sigmoid,label_aware,0.011148527845500663,0.5741419324758301,1.0,4.0,4,5.409;7.045;8.682;9.500,0;0;0;0,1;1;1;1,0.04129791690502316,74,12,4.0
iv_recency,(iv) recency-weighted label,sigmoid,exhaustive,0.011148527845500663,0.5741419324758301,1.0,4.0,4,5.409;7.045;8.682;9.500,0;0;0;0,1;1;1;1,0.2860803749645129,495,12,4.0
