lag_minutes,lag_hours,rho_total,rho_total_fit,rho_state_within_record,rho_state_fit,n_pairs
0,0.0,1.0000000000000007,1.0,1.0,1.0,116055
1,0.016666666666666666,0.9898082269775372,0.9985733381328721,0.9567520530718876,0.9917312475051652,115971
2,0.03333333333333333,0.983685402870212,0.9971529595791304,0.9307296123905673,0.9835308672781512,115887
3,0.05,0.9805694171473369,0.9957388366657656,0.917451762408447,0.9753982939655979,115803
4,0.06666666666666667,0.9785133529204256,0.9943309418416462,0.9087188999253297,0.9673329668889121,115719
5,0.08333333333333333,0.9772082421079926,0.9929292476769811,0.9031603075478224,0.9593343300056135,115635
6,0.1,0.975513826564836,0.9915337268627864,0.8958931161290647,0.9514018318709989,115551
7,0.11666666666666667,0.9741178455031628,0.990144352210352,0.8898691249922744,0.9435349256001251,115467
8,0.13333333333333333,0.9723567390254363,0.9887610966507127,0.8822100896957396,0.9357330688301053,115383
9,0.15,0.9707390288118879,0.9873839332341205,0.8752375581045052,0.9279957236827169,115299
10,0.16666666666666666,0.969691964868333,0.9860128351295199,0.8707536811847085,0.9203223567273193,115215
11,0.18333333333333332,0.9683285903024534,0.9846477756240244,0.8649324880311595,0.912712438944078,115131
12,0.2,0.9670683498055757,0.9832887281223974,0.859553362478627,0.9051654456874924,115047
13,0.21666666666666667,0.9660660432579559,0.9819356661465325,0.8552455869502946,0.8976808566502257,114963
14,0.23333333333333334,0.9646874634964323,0.9805885633349385,0.8493280934627363,0.8902581558272337,114879
15,0.25,0.963579800112902,0.9792473934422259,0.8445096415972358,0.8828968314801902,114795
16,0.26666666666666666,0.9623062092198785,0.9779121303385951,0.8390242366078223,0.8755963761022065,114711
17,0.2833333333333333,0.9610934874974122,0.9765827480093274,0.8337283784837837,0.868356286382843,114627
18,0.3,0.9598145636962754,0.9752592205542787,0.8281385361365896,0.8611760631734093,114543
19,0.31666666666666665,0.9590569325587882,0.9739415221873742,0.8248072852260879,0.8540552114525523,114459
20,0.3333333333333333,0.9579170350508909,0.9726296272361061,0.8198798641941752,0.8469932402921272,114375
21,0.35,0.9564923426469348,0.9713235101410341,0.8137260377029577,0.8399896628233534,114291
22,0.36666666666666664,0.9553494609526727,0.9700231454552867,0.8087901030948931,0.8330439962032474,114207
23,0.38333333333333336,0.9539962017636358,0.9687285078440656,0.8029132277217794,0.8261557615813345,114123
24,0.4,0.9526917007314311,0.9674395720841524,0.7971886653561022,0.8193244840666367,114039
25,0.4166666666666667,0.9514902034613473,0.9661563130634168,0.7919285751001979,0.8125496926949315,113955
26,0.43333333333333335,0.9507791310576451,0.9648787057803274,0.7887732361615749,0.8058309203962829,113871
27,0.45,0.9498083066094385,0.963606725343465,0.7845450402187819,0.7991677039628411,113787
28,0.4666666666666667,0.948693575827489,0.9623403469710372,0.7797160533308831,0.792559584016907,113703
29,0.48333333333333334,0.9476520468836,0.9610795459903958,0.7752340966776928,0.7860061049792619,113619
30,0.5,0.9465540541602621,0.9598242978375556,0.7704535105259438,0.7795068150377592,113535
31,0.5166666666666667,0.9453043146886301,0.958574578056717,0.765078245013639,0.773061266116175,113451
32,0.5333333333333333,0.9443929584588076,0.9573303622997884,0.7611919281697932,0.7666690138433166,113367
33,0.55,0.9432528611028086,0.9560916263259119,0.756376555943921,0.7603296175223871,113283
34,0.5666666666666667,0.9422933144355886,0.9548583460009921,0.752336432483946,0.7540426401006022,113199
35,0.5833333333333334,0.9413295520209866,0.9536304972972244,0.7482901088064339,0.7478076481390584,113115
36,0.6,0.9401458113620763,0.952408056292628,0.7433270062208625,0.741624211782852,113031
37,0.6166666666666667,0.939234237567097,0.9511909991705796,0.7395603382811738,0.7354919047314427,112947
38,0.6333333333333333,0.9383353375833762,0.9499793022193488,0.7358415662022896,0.7294103042092637,112863
39,0.65,0.9372581143197755,0.9487729418316366,0.7313099866049279,0.7233789909365751,112779
40,0.6666666666666666,0.9358176851280186,0.9475718945041159,0.7251742504393206,0.7173975491005572,112695
41,0.6833333333333333,0.9346927593229839,0.9463761368369725,0.7203309586786644,0.7114655663266435,112611
42,0.7,0.9339369596277884,0.9451856455334504,0.717084572849794,0.705582633650091,112527
43,0.7166666666666667,0.9331136924833745,0.9440003973993967,0.7136096431063671,0.6997483454877848,112443
44,0.7333333333333333,0.9321047630607749,0.9428203693428108,0.7093551330479436,0.693962299610276,112359
45,0.75,0.9311428135161777,0.9416455383733938,0.7052337557127549,0.6882240971140522,112275
46,0.7666666666666667,0.9301889151175107,0.9404758816021009,0.7011174091996881,0.682533342394035,112191
47,0.7833333333333333,0.9292837386336724,0.9393113762406957,0.6972574409973031,0.6768896431163063,112107
48,0.8,0.928522495702749,0.9381519996013051,0.6939633054120407,0.6712926101910605,112023
49,0.8166666666666667,0.9279247864551959,0.936997729095979,0.6914189091742243,0.665741857745779,111939
50,0.8333333333333334,0.9268102256000008,0.9358485422362485,0.6866644945410351,0.6602370030986275,111855
51,0.85,0.9255403417919948,0.9347044166326891,0.6812930828103885,0.6547776667320735,111771
52,0.8666666666666667,0.9240890224912554,0.9335653299944837,0.6751597750494849,0.6493634722667205,111687
53,0.8833333333333333,0.9231520574223718,0.9324312601289888,0.6711540413559811,0.6439940464353605,111603
54,0.9,0.9224682016521857,0.9313021849413015,0.6682470553821906,0.6386690190572393,111519
55,0.9166666666666666,0.9215888936771857,0.9301780824338297,0.6645199157150419,0.633388023012536,111435
56,0.9333333333333333,0.9207928150778504,0.9290589307058632,0.6611451591647888,0.6281506942170526,111351
57,0.95,0.9197072690923253,0.927944707953147,0.6565717557299938,0.6229566715971131,111267
58,0.9666666666666667,0.9186458744851791,0.9268353924674564,0.652104262973283,0.6178055970646705,111183
59,0.9833333333333333,0.9176188085771891,0.9257309626361745,0.64776692467341,0.6126971154926191,111099
60,1.0,0.9167034123193429,0.9246313969418707,0.6438989217561389,0.6076308746903113,111015
65,1.0833333333333333,0.9121847511793464,0.9192057840253334,0.6247457554639174,0.5829211580617547,110595
70,1.1666666666666667,0.9077373500262459,0.9138986009224204,0.6059704855856725,0.5592162786152698,110175
75,1.25,0.9030252374286535,0.9087072625573126,0.5858397492725512,0.5364753739736123,109755
80,1.3333333333333333,0.8998736289555436,0.9036292402810042,0.5722703434656032,0.5146592434554864,109335
85,1.4166666666666667,0.8958421792436817,0.8986620606396231,0.555162576933559,0.49373028050156487,108915
90,1.5,0.8920846855383286,0.893803304169636,0.5391584729920013,0.47365240784845236,108495
95,1.5833333333333333,0.8887047653616359,0.8890506042193527,0.5248467635574598,0.45439101533884063,108075
100,1.6666666666666667,0.8844461854416442,0.8844016457961527,0.5068449641721529,0.4359129002606571,107655
105,1.75,0.8802621901348979,0.8798541644388763,0.48954254187851315,0.4181862101123613,107235
110,1.8333333333333333,0.8758196740904979,0.8754059451148278,0.47106222399939723,0.4011803876957289,106815
115,1.9166666666666667,0.8713386619084159,0.8710548211408553,0.4524393435063337,0.38486611844147434,106395
120,2.0,0.8672229132664084,0.8667986731279809,0.43504375786741795,0.3692152798769128,105975
125,2.0833333333333335,0.8635468704053443,0.8626354279490677,0.4195851685303328,0.35420089314855324,105555
130,2.1666666666666665,0.859715044032937,0.8585630577290202,0.40344689626440905,0.3397970765160573,105135
135,2.25,0.8560957734977986,0.8545795788570266,0.38815487876728444,0.32597900073739794,104715
140,2.3333333333333335,0.8528318094016427,0.850683051020362,0.37435143595761566,0.31272284626831104,104295
145,2.4166666666666665,0.8494467445899025,0.8468715762592813,0.3604884052957093,0.30000576220225866,103875
150,2.5,0.8457339252057754,0.8431432980425418,0.34521547523117746,0.2878058268801272,103455
155,2.5833333333333335,0.8423091263716364,0.8394964003631058,0.33107475538051345,0.2761020101017584,103035
160,2.6666666666666665,0.8391661053263227,0.8359291068535815,0.31808266422682885,0.2648741368741736,102615
165,2.75,0.8361079459764357,0.8324396799209721,0.3052640082169229,0.25410285263400045,102195
170,2.8333333333333335,0.8328398401712006,0.8290264199003122,0.2916295854117382,0.24376958988415393,101775
175,2.9166666666666665,0.8292644957221149,0.825687664226777,0.27686614217884287,0.23385653618725805,101355
180,3.0,0.8264019464631622,0.8224217866258646,0.2654861727786373,0.22434660346063667,100935
185,3.0833333333333335,0.8235720969612029,0.8192271963212534,0.25429153078212535,0.2152233985199449,100515
190,3.1666666666666665,0.8211564086282052,0.8161023372599507,0.24466836003832196,0.2064711948206625,100095
195,3.25,0.818686277331045,0.8130456873543556,0.23505479235888596,0.19807490534873878,99675
200,3.3333333333333335,0.8155470744975388,0.8100557577408645,0.22249753292470675,0.19002005661365762,99255
205,3.4166666666666665,0.812486666409369,0.8071310920546612,0.2101240143395039,0.18229276369909198,98835
210,3.5,0.8100967131801556,0.8042702657203353,0.20042897500361176,0.17487970632814,98415
215,3.5833333333333335,0.8071401656565911,0.8014718852579873,0.18842477169063127,0.16776810590188465,97995
220,3.6666666666666665,0.8036653913022582,0.7987345876044765,0.17352559408019774,0.16094570347169534,97575
225,3.75,0.8011622404147075,0.7960570394494881,0.1624954378408984,0.15440073860730097,97155
230,3.8333333333333335,0.7989083127419476,0.7934379365860906,0.15239095021638996,0.14812192912420694,96735
235,3.9166666666666665,0.7961213044902914,0.7908760032754694,0.14009601523770923,0.14209845163551005,96315
240,4.0,0.7937327824852888,0.7883699916255272,0.13002080360179583,0.13631992289458708,95895
245,4.083333333333333,0.7909446153644453,0.785918680983049,0.11789163014999444,0.1307763818964956,95475
250,4.166666666666667,0.7888376731777414,0.7835208773391328,0.10853710904473134,0.12545827270723284,95055
255,4.25,0.7869824670749157,0.7811754127476014,0.0998068893523227,0.12035642799125475,94635
260,4.333333333333333,0.7852514119842431,0.7788811447561058,0.09205685490937598,0.11546205320885927,94215
265,4.416666666666667,0.7835712881256353,0.7766369558496495,0.08477377186242513,0.11076671145619349,93795
270,4.5,0.7811666299464983,0.7744417529062573,0.07445626540710064,0.10626230892175248,93375
275,4.583333333333333,0.7787790009822375,0.772294466664527,0.06429184285846118,0.10194108093429897,92955
280,4.666666666666667,0.7766642611862661,0.770194051202802,0.055547266194664865,0.09779557857815371,92535
285,4.75,0.7741843913319858,0.7681394834297148,0.044711720033330474,0.09381865585278441,92115
290,4.833333333333333,0.7721263619338514,0.7661297625858482,0.03586388652499365,0.09000345735455818,91695
295,4.916666666666667,0.7707157648494168,0.7641639097562755,0.029738694008487096,0.08634340645942387,91275
300,5.0,0.7690378614648389,0.7622409673937414,0.022580913250290303,0.08283219398615375,90855
305,5.083333333333333,0.7673629948448473,0.7603599988522499,0.014810350355044924,0.07946376732060184,90435
310,5.166666666666667,0.7660880966518232,0.7585200879308337,0.009135859044526117,0.07623231998223148,90015
315,5.25,0.7641219542459649,0.7567203384272814,0.000891187699604532,0.0731322816149276,89595
320,5.333333333333333,0.76263619928647,0.7549598737016068,-0.0054712172164785465,0.07015830838483844,89175
325,5.416666666666667,0.7612032022144078,0.753237836249046,-0.011943774334910855,0.06730527376869616,88755
330,5.5,0.759570358382616,0.7515533872823759,-0.019420097103630463,0.06456825971673655,88335
335,5.583333333333333,0.7576751237632476,0.7499057063233486,-0.028172184448156064,0.061942548174983916,87915
340,5.666666666666667,0.7563094550451466,0.7482939908030455,-0.03458978630447006,0.059423612952288596,87495
345,5.75,0.7552321135451516,0.746717455670953,-0.04040627535785236,0.057007111918096695,87078
350,5.833333333333333,0.754065659295486,0.7451753330125734,-0.04698831368643647,0.054688879517502335,86663
355,5.916666666666667,0.7531474403958104,0.7436668716753805,-0.05224406948460438,0.052464919590680795,86248
360,6.0,0.7524844014617218,0.7421913369029409,-0.05643531716896004,0.05033139848432416,85833
375,6.25,0.7500362640626472,0.7379551828899762,-0.07144637439361025,0.04443743224577664,84596
390,6.5,0.7466503522718942,0.7339904171068993,-0.08930503140153409,0.03923366812891183,83366
405,6.75,0.7428130226539555,0.7302796531293505,-0.10790412973660742,0.03463928127836158,82136
420,7.0,0.737746450701264,0.7268066183902374,-0.12872851834469204,0.030582911685416492,80906
435,7.25,0.7329124844842348,0.7235560828207253,-0.14827131073613553,0.027001555824492703,79676
450,7.5,0.7276523706754112,0.720513792062827,-0.1680463244022228,0.02383958808248008,78446
465,7.75,0.7234394278479874,0.7176664049607124,-0.18290365267891187,0.021047896781814564,77216
480,8.0,0.7173013557936752,0.7150014350566231,-0.20371022317440596,0.01858312137798617,75986
495,8.25,0.7118030351013073,0.7125071958348369,-0.2203895547591454,0.016406978983635773,74756
510,8.5,0.7055218302297783,0.7101727494735666,-0.2392795193793261,0.01448566975881409,73526
525,8.75,0.7005529646504796,0.7079878588800549,-0.2550065471993153,0.012789351931925375,72296
540,9.0,0.6962191287447018,0.7059429427985314,-0.26902204339518854,0.011291678297381957,71066
555,9.25,0.6940537403054378,0.7040290337941668,-0.2740503397007353,0.009969386990852163,69836
570,9.5,0.6929053044609362,0.7022377389287763,-0.2753588452417594,0.008801940186023198,68606
585,9.75,0.6895932928301918,0.7005612029558238,-0.28494331236944986,0.00777120510111804,67376
600,10.0,0.6881692288387853,0.6989920738733315,-0.28749267663551226,0.0068611723605598056,66146
615,10.25,0.6866567794345547,0.6975234706836324,-0.29141118973370367,0.0060577073373777116,64916
630,10.5,0.6860253662041205,0.6961489532185884,-0.2921729099746372,0.005348330614205078,63686
645,10.75,0.6854542453438043,0.6948624938979475,-0.29522529245552986,0.004722024152990165,62456
660,11.0,0.6847477078105006,0.693658451296997,-0.2996732870831773,0.004169060162847944,61226
675,11.25,0.6826294161923919,0.6925315454075969,-0.30965728987834495,0.0036808500080287333,59996
690,11.5,0.6824050837972946,0.6914768344841112,-0.31375739667230307,0.0032498108092424024,58766
705,11.75,0.6828777698307924,0.6904896933726985,-0.31711226448567303,0.0028692476663901884,57536
720,12.0,0.6822113633022879,0.6895657932289314,-0.3253639925711028,0.002533249673387828,56306
735,12.25,0.6819625311288375,0.6887010825348024,-0.3331842742892499,0.002236598109982339,55076
750,12.5,0.6819052189170932,0.6878917693318711,-0.33844557425081684,0.00197468538459799,53846
765,12.75,0.6819301095114948,0.6871343045926396,-0.3416100094851622,0.0017434434692318052,52616
780,13.0,0.6809452439550492,0.6864253666572385,-0.34872006478374773,0.001539280714849592,51386
795,13.25,0.6809752271326326,0.6857618466671718,-0.3515867060318377,0.001359026065899266,50156
810,13.5,0.6796489871127228,0.685140834932246,-0.3599204945214817,0.0011998798074814507,48926
825,13.75,0.6782311279086928,0.6845596081708988,-0.36792017922922493,0.001059370080182433,47696
840,14.0,0.6773387004472367,0.6840156175679734,-0.37306103958377423,0.0009353144871579845,46466
855,14.25,0.6779506357431787,0.6835064775975678,-0.3738470006853853,0.000825786197149304,45236
870,14.5,0.6784578571658837,0.683029955561947,-0.3739893302203388,0.0007290840169431957,44006
885,14.75,0.6786121822329101,0.6825839618006416,-0.3747293093930705,0.0006437059684419971,42776
900,15.0,0.6796108655612841,0.682166540526798,-0.3721421130415442,0.0005683259599423262,41546
915,15.25,0.6773608320796637,0.6817758612505964,-0.3761080793310157,0.0005017731892810176,40316
930,15.5,0.675218032372771,0.6814102107521252,-0.37731929298213956,0.00044301395893791987,39086
945,15.75,0.672737656211744,0.6810679855685112,-0.38021125695540925,0.0003911356206477847,37856
960,16.0,0.6719020304374721,0.6807476849623606,-0.37828302771495137,0.0003453324001489666,36626
975,16.25,0.6710277426154182,0.6804479043406745,-0.3793337120382214,0.0003048928818989716,35396
990,16.5,0.6706485460801885,0.6801673290953806,-0.3784756595236393,0.000269188959369466,34166
1005,16.75,0.6720387789817456,0.6799047288384694,-0.36942207415996337,0.00023766607929675125,32936
1020,17.0,0.6713362067390297,0.6796589520064557,-0.36624562228206914,0.00020983462836142103,31706
1035,17.25,0.6726717100241102,0.6794289208105032,-0.35919872731922925,0.00018526232851512196,30476
1050,17.5,0.6737504498026772,0.679213626510069,-0.3540578953400051,0.00016356752283864333,29246
1065,17.75,0.6748658408773047,0.6790121249893404,-0.35083606876362283,0.0001444132476473019,28016
1080,18.0,0.6782398377295261,0.6788235326170665,-0.3440728690765686,0.0001275019987715667,26786
1095,18.25,0.682768765141826,0.6786470223716287,-0.33812177161256035,0.00011257111072280738,25565
1110,18.5,0.6862204185430161,0.6784818202143575,-0.33229000627632743,9.938867697337234e-05,24393
1125,18.75,0.6885104736859614,0.6783272016951927,-0.3245321293138092,8.774994798479861e-05,23223
1140,19.0,0.690148022121488,0.6781824887757996,-0.3164646069733523,7.747415103833009e-05,22053
1155,19.25,0.6945976625542943,0.6780470468562133,-0.3044001051794398,6.840168247335934e-05,20883
1170,19.5,0.6956254358570239,0.6779202819919693,-0.30399116513139646,6.039162872364305e-05,19713
1185,19.75,0.6994059964896842,0.6778016382895183,-0.2969820815675026,5.3319577648032416e-05,18549
1200,20.0,0.7037355292316984,0.677690595468503,-0.2921285865753891,4.707568616130981e-05,17405
