cohort,label_model,p,method,n_windows,width_minutes,total_minutes,resolution_limited,ceiling
strict,indicator_linear,128,contiguous,1,1.0,1.0,1,0.6671552533616383
strict,indicator_linear,128,contiguous_block,1,1.0,1.0,1,0.6671552533616383
strict,indicator_linear,128,dispersed,1,1.0,1.0,1,0.6671552533616383
strict,indicator_linear,128,uniform,1,1.0,1.0,1,0.585743698623635
strict,indicator_linear,128,random,1,1.0,1.0,1,0.8374377070517373
strict,indicator_linear,128,label_aware,1,1.0,1.0,1,0.8549574132056359
strict,indicator_linear,128,mutual_information,1,1.0,1.0,1,0.585743698623635
strict,indicator_linear,128,imse,1,1.0,1.0,1,0.8549574132056359
strict,indicator_linear,128,kernel_quadrature,1,1.0,1.0,1,0.8549574132056359
strict,indicator_linear,128,contiguous,2,1.0,2.0,1,0.6780974083894987
strict,indicator_linear,128,contiguous_block,2,1.0,2.0,1,0.6671552533616383
strict,indicator_linear,128,dispersed,2,1.0,2.0,1,0.9177767139116763
strict,indicator_linear,128,uniform,2,1.0,2.0,1,0.8715312369467295
strict,indicator_linear,128,random,2,1.0,2.0,1,0.9366761591158485
strict,indicator_linear,128,label_aware,2,1.0,2.0,1,0.9499089562514716
strict,indicator_linear,128,mutual_information,2,1.0,2.0,1,0.83305064691814
strict,indicator_linear,128,imse,2,1.0,2.0,1,0.9499089562514716
strict,indicator_linear,128,kernel_quadrature,2,1.0,2.0,1,0.9499089562514716
strict,indicator_linear,128,contiguous,4,1.0,4.0,1,0.6780974083894867
strict,indicator_linear,128,contiguous_block,4,1.0,4.0,1,0.6671552533616383
strict,indicator_linear,128,dispersed,4,1.0,4.0,1,0.9824251373895613
strict,indicator_linear,128,uniform,4,1.0,4.0,1,0.9648698911110026
strict,indicator_linear,128,random,4,1.0,4.0,1,0.9737724832869304
strict,indicator_linear,128,label_aware,4,1.0,4.0,1,0.9856587885413305
strict,indicator_linear,128,mutual_information,4,1.0,4.0,1,0.9730402901496403
strict,indicator_linear,128,imse,4,1.0,4.0,1,0.9830330617868727
strict,indicator_linear,128,kernel_quadrature,4,1.0,4.0,1,0.9830949909484832
strict,indicator_linear,128,contiguous,8,1.0,8.0,1,0.6780974083895136
strict,indicator_linear,128,contiguous_block,8,1.0,8.0,1,0.6671552533616383
strict,indicator_linear,128,dispersed,8,1.0,8.0,1,0.9961532365955009
strict,indicator_linear,128,uniform,8,1.0,8.0,1,0.9902064807987178
strict,indicator_linear,128,random,8,1.0,8.0,1,0.9916457837572947
strict,indicator_linear,128,label_aware,8,1.0,8.0,1,0.9968490964714403
strict,indicator_linear,128,mutual_information,8,1.0,8.0,1,0.9917347517965043
strict,indicator_linear,128,imse,8,1.0,8.0,1,0.9941833169834857
strict,indicator_linear,128,kernel_quadrature,8,1.0,8.0,1,0.9944893191616765
strict,indicator_linear,128,contiguous,16,1.0,16.0,1,0.6780974083895356
strict,indicator_linear,128,contiguous_block,16,1.0,16.0,1,0.6718809514136084
strict,indicator_linear,128,dispersed,16,1.0,16.0,1,0.9985615222834784
strict,indicator_linear,128,uniform,16,1.0,16.0,1,0.9987260633506485
strict,indicator_linear,128,random,16,1.0,16.0,1,0.998495734299194
strict,indicator_linear,128,label_aware,16,1.0,16.0,1,0.99946180452373
strict,indicator_linear,128,mutual_information,16,1.0,16.0,1,0.9975497937560006
strict,indicator_linear,128,imse,16,1.0,16.0,1,0.9988330923576405
strict,indicator_linear,128,kernel_quadrature,16,1.0,16.0,1,0.9991524513871011
strict,indicator_linear,128,contiguous,32,1.0,32.0,1,0.6994373329391094
strict,indicator_linear,128,contiguous_block,32,1.0,32.0,1,0.6718809514136084
strict,indicator_linear,128,dispersed,32,1.0,32.0,1,0.9998851771993822
strict,indicator_linear,128,uniform,32,1.0,32.0,1,0.9997314570738354
strict,indicator_linear,128,random,32,1.0,32.0,1,0.9998798659848177
strict,indicator_linear,128,label_aware,32,1.0,32.0,1,0.9999529208497616
strict,indicator_linear,128,mutual_information,32,1.0,32.0,1,0.9999165551913503
strict,indicator_linear,128,imse,32,1.0,32.0,1,0.9999239384626997
strict,indicator_linear,128,kernel_quadrature,32,1.0,32.0,1,0.9999462855650093
strict,indicator_linear,128,contiguous,1,5.0,5.0,1,0.6671552533616383
strict,indicator_linear,128,contiguous_block,1,5.0,5.0,1,0.6671552533616383
strict,indicator_linear,128,dispersed,1,5.0,5.0,1,0.6671552533616383
strict,indicator_linear,128,uniform,1,5.0,5.0,1,0.585743698623635
strict,indicator_linear,128,random,1,5.0,5.0,1,0.8374377070517373
strict,indicator_linear,128,label_aware,1,5.0,5.0,1,0.8549574132056359
strict,indicator_linear,128,mutual_information,1,5.0,5.0,1,0.585743698623635
strict,indicator_linear,128,imse,1,5.0,5.0,1,0.8549574132056359
strict,indicator_linear,128,kernel_quadrature,1,5.0,5.0,1,0.8549574132056359
strict,indicator_linear,128,contiguous,2,5.0,10.0,1,0.6780974083894987
strict,indicator_linear,128,contiguous_block,2,5.0,10.0,1,0.6671552533616383
strict,indicator_linear,128,dispersed,2,5.0,10.0,1,0.9177767139116763
strict,indicator_linear,128,uniform,2,5.0,10.0,1,0.8715312369467295
strict,indicator_linear,128,random,2,5.0,10.0,1,0.9366761591158485
strict,indicator_linear,128,label_aware,2,5.0,10.0,1,0.9499089562514716
strict,indicator_linear,128,mutual_information,2,5.0,10.0,1,0.83305064691814
strict,indicator_linear,128,imse,2,5.0,10.0,1,0.9499089562514716
strict,indicator_linear,128,kernel_quadrature,2,5.0,10.0,1,0.9499089562514716
strict,indicator_linear,128,contiguous,4,5.0,20.0,1,0.6780974083894867
strict,indicator_linear,128,contiguous_block,4,5.0,20.0,1,0.6718809514136084
strict,indicator_linear,128,dispersed,4,5.0,20.0,1,0.9824251373895613
strict,indicator_linear,128,uniform,4,5.0,20.0,1,0.9648698911110026
strict,indicator_linear,128,random,4,5.0,20.0,1,0.9737724832869304
strict,indicator_linear,128,label_aware,4,5.0,20.0,1,0.9856587885413305
strict,indicator_linear,128,mutual_information,4,5.0,20.0,1,0.9730402901496403
strict,indicator_linear,128,imse,4,5.0,20.0,1,0.9830330617868727
strict,indicator_linear,128,kernel_quadrature,4,5.0,20.0,1,0.9830949909484832
strict,indicator_linear,128,contiguous,8,5.0,40.0,1,0.6994373329391922
strict,indicator_linear,128,contiguous_block,8,5.0,40.0,1,0.6842907700540825
strict,indicator_linear,128,dispersed,8,5.0,40.0,1,0.9961532365955009
strict,indicator_linear,128,uniform,8,5.0,40.0,1,0.9902064807987178
strict,indicator_linear,128,random,8,5.0,40.0,1,0.9916457837572947
strict,indicator_linear,128,label_aware,8,5.0,40.0,1,0.9968490964714403
strict,indicator_linear,128,mutual_information,8,5.0,40.0,1,0.9917347517965043
strict,indicator_linear,128,imse,8,5.0,40.0,1,0.9941833169834857
strict,indicator_linear,128,kernel_quadrature,8,5.0,40.0,1,0.9944893191616765
strict,indicator_linear,128,contiguous,16,5.0,80.0,1,0.7956600091625944
strict,indicator_linear,128,contiguous_block,16,5.0,80.0,1,0.7089746689528936
strict,indicator_linear,128,dispersed,16,5.0,80.0,1,0.9985615222834784
strict,indicator_linear,128,uniform,16,5.0,80.0,1,0.9987260633506485
strict,indicator_linear,128,random,16,5.0,80.0,1,0.998495734299194
strict,indicator_linear,128,label_aware,16,5.0,80.0,1,0.99946180452373
strict,indicator_linear,128,mutual_information,16,5.0,80.0,1,0.9975497937560006
strict,indicator_linear,128,imse,16,5.0,80.0,1,0.9988330923576405
strict,indicator_linear,128,kernel_quadrature,16,5.0,80.0,1,0.9991524513871011
strict,indicator_linear,128,contiguous,32,5.0,160.0,1,0.8279560998646689
strict,indicator_linear,128,contiguous_block,32,5.0,160.0,1,0.7470430481101391
strict,indicator_linear,128,dispersed,32,5.0,160.0,1,0.9998851771993822
strict,indicator_linear,128,uniform,32,5.0,160.0,1,0.9997314570738354
strict,indicator_linear,128,random,32,5.0,160.0,1,0.9998798659848177
strict,indicator_linear,128,label_aware,32,5.0,160.0,1,0.9999529208497616
strict,indicator_linear,128,mutual_information,32,5.0,160.0,1,0.9999165551913503
strict,indicator_linear,128,imse,32,5.0,160.0,1,0.9999239384626997
strict,indicator_linear,128,kernel_quadrature,32,5.0,160.0,1,0.9999462855650093
strict,indicator_linear,128,contiguous,1,15.0,15.0,0,0.6718809514136084
strict,indicator_linear,128,contiguous_block,1,15.0,15.0,0,0.6718809514136084
strict,indicator_linear,128,dispersed,1,15.0,15.0,0,0.6718809514136084
strict,indicator_linear,128,uniform,1,15.0,15.0,0,0.585743698623635
strict,indicator_linear,128,random,1,15.0,15.0,0,0.8374377070517373
strict,indicator_linear,128,label_aware,1,15.0,15.0,0,0.8547203471953128
strict,indicator_linear,128,mutual_information,1,15.0,15.0,0,0.585743698623635
strict,indicator_linear,128,imse,1,15.0,15.0,0,0.8547203471953128
strict,indicator_linear,128,kernel_quadrature,1,15.0,15.0,0,0.8547203471953128
strict,indicator_linear,128,contiguous,2,15.0,30.0,0,0.6780974083894987
strict,indicator_linear,128,contiguous_block,2,15.0,30.0,0,0.6718809514136084
strict,indicator_linear,128,dispersed,2,15.0,30.0,0,0.9148909297336796
strict,indicator_linear,128,uniform,2,15.0,30.0,0,0.8715312369467295
strict,indicator_linear,128,random,2,15.0,30.0,0,0.9366761591158485
strict,indicator_linear,128,label_aware,2,15.0,30.0,0,0.9493906344854435
strict,indicator_linear,128,mutual_information,2,15.0,30.0,0,0.83305064691814
strict,indicator_linear,128,imse,2,15.0,30.0,0,0.9412481340890833
strict,indicator_linear,128,kernel_quadrature,2,15.0,30.0,0,0.9493906344854435
strict,indicator_linear,128,contiguous,4,15.0,60.0,0,0.7095883245309057
strict,indicator_linear,128,contiguous_block,4,15.0,60.0,0,0.6922723360377337
strict,indicator_linear,128,dispersed,4,15.0,60.0,0,0.9835464369034149
strict,indicator_linear,128,uniform,4,15.0,60.0,0,0.9662539736523126
strict,indicator_linear,128,random,4,15.0,60.0,0,0.976100552595306
strict,indicator_linear,128,label_aware,4,15.0,60.0,0,0.9871759520478024
strict,indicator_linear,128,mutual_information,4,15.0,60.0,0,0.9368158485106184
strict,indicator_linear,128,imse,4,15.0,60.0,0,0.9823578781428512
strict,indicator_linear,128,kernel_quadrature,4,15.0,60.0,0,0.9870531631185792
strict,indicator_linear,128,contiguous,8,15.0,120.0,0,0.7964376873791552
strict,indicator_linear,128,contiguous_block,8,15.0,120.0,0,0.7237296591186897
strict,indicator_linear,128,dispersed,8,15.0,120.0,0,0.9954193802289748
strict,indicator_linear,128,uniform,8,15.0,120.0,0,0.9903940407834072
strict,indicator_linear,128,random,8,15.0,120.0,0,0.992327552556121
strict,indicator_linear,128,label_aware,8,15.0,120.0,0,0.9968304664860167
strict,indicator_linear,128,mutual_information,8,15.0,120.0,0,0.9897531716987147
strict,indicator_linear,128,imse,8,15.0,120.0,0,0.9944313876800411
strict,indicator_linear,128,kernel_quadrature,8,15.0,120.0,0,0.9959282924225404
strict,indicator_linear,128,contiguous,16,15.0,240.0,0,0.9056060127498318
strict,indicator_linear,128,contiguous_block,16,15.0,240.0,0,0.8008449534397709
strict,indicator_linear,128,dispersed,16,15.0,240.0,0,0.9992253073361326
strict,indicator_linear,128,uniform,16,15.0,240.0,0,0.9989602183396659
strict,indicator_linear,128,random,16,15.0,240.0,0,0.9985721044946606
strict,indicator_linear,128,label_aware,16,15.0,240.0,0,0.9996304754378262
strict,indicator_linear,128,mutual_information,16,15.0,240.0,0,0.998014711334221
strict,indicator_linear,128,imse,16,15.0,240.0,0,0.9993531658642313
strict,indicator_linear,128,kernel_quadrature,16,15.0,240.0,0,0.9992674425409152
strict,indicator_linear,128,contiguous,32,15.0,480.0,0,0.9824807294837852
strict,indicator_linear,128,contiguous_block,32,15.0,480.0,0,0.9079610132606757
strict,indicator_linear,128,dispersed,32,15.0,480.0,0,0.9999750903527526
strict,indicator_linear,128,uniform,32,15.0,480.0,0,0.9997516320377116
strict,indicator_linear,128,random,32,15.0,480.0,0,0.9998739365409574
strict,indicator_linear,128,label_aware,32,15.0,480.0,0,0.9999564045655064
strict,indicator_linear,128,mutual_information,32,15.0,480.0,0,0.9999145301050628
strict,indicator_linear,128,imse,32,15.0,480.0,0,0.9998991867143587
strict,indicator_linear,128,kernel_quadrature,32,15.0,480.0,0,0.9999374173763779
all,indicator_linear,128,contiguous,1,1.0,1.0,1,0.7177245196168541
all,indicator_linear,128,contiguous_block,1,1.0,1.0,1,0.7177245196168541
all,indicator_linear,128,dispersed,1,1.0,1.0,1,0.7177245196168541
all,indicator_linear,128,uniform,1,1.0,1.0,1,0.6548982699905861
all,indicator_linear,128,random,1,1.0,1.0,1,0.8666681310798977
all,indicator_linear,128,label_aware,1,1.0,1.0,1,0.8813681384383667
all,indicator_linear,128,mutual_information,1,1.0,1.0,1,0.6548982699905861
all,indicator_linear,128,imse,1,1.0,1.0,1,0.8813681384383667
all,indicator_linear,128,kernel_quadrature,1,1.0,1.0,1,0.8813681384383667
all,indicator_linear,128,contiguous,2,1.0,2.0,1,0.7285312124617787
all,indicator_linear,128,contiguous_block,2,1.0,2.0,1,0.7177245196168541
all,indicator_linear,128,dispersed,2,1.0,2.0,1,0.9324082299983047
all,indicator_linear,128,uniform,2,1.0,2.0,1,0.8970531377530013
all,indicator_linear,128,random,2,1.0,2.0,1,0.9489996635874336
all,indicator_linear,128,label_aware,2,1.0,2.0,1,0.9590567636919313
all,indicator_linear,128,mutual_information,2,1.0,2.0,1,0.8666107134235588
all,indicator_linear,128,imse,2,1.0,2.0,1,0.9590567636919313
all,indicator_linear,128,kernel_quadrature,2,1.0,2.0,1,0.9590567636919313
all,indicator_linear,128,contiguous,4,1.0,4.0,1,0.7285312124618758
all,indicator_linear,128,contiguous_block,4,1.0,4.0,1,0.7177245196168541
all,indicator_linear,128,dispersed,4,1.0,4.0,1,0.9859208986282106
all,indicator_linear,128,uniform,4,1.0,4.0,1,0.9717981684821366
all,indicator_linear,128,random,4,1.0,4.0,1,0.9789943597302613
all,indicator_linear,128,label_aware,4,1.0,4.0,1,0.9878046924555934
all,indicator_linear,128,mutual_information,4,1.0,4.0,1,0.9785144013166848
all,indicator_linear,128,imse,4,1.0,4.0,1,0.9862653754918193
all,indicator_linear,128,kernel_quadrature,4,1.0,4.0,1,0.9863094695729336
all,indicator_linear,128,contiguous,8,1.0,8.0,1,0.7285312124618484
all,indicator_linear,128,contiguous_block,8,1.0,8.0,1,0.7177245196168541
all,indicator_linear,128,dispersed,8,1.0,8.0,1,0.9969301670596561
all,indicator_linear,128,uniform,8,1.0,8.0,1,0.9921419270603119
all,indicator_linear,128,random,8,1.0,8.0,1,0.993252563434223
all,indicator_linear,128,label_aware,8,1.0,8.0,1,0.9974748939134406
all,indicator_linear,128,mutual_information,8,1.0,8.0,1,0.993376288457608
all,indicator_linear,128,imse,8,1.0,8.0,1,0.9953985490040588
all,indicator_linear,128,kernel_quadrature,8,1.0,8.0,1,0.9954661607661787
all,indicator_linear,128,contiguous,16,1.0,16.0,1,0.7285312124618343
all,indicator_linear,128,contiguous_block,16,1.0,16.0,1,0.7222479045122929
all,indicator_linear,128,dispersed,16,1.0,16.0,1,0.9988574141916606
all,indicator_linear,128,uniform,16,1.0,16.0,1,0.9989859197171864
all,indicator_linear,128,random,16,1.0,16.0,1,0.9988077815847769
all,indicator_linear,128,label_aware,16,1.0,16.0,1,0.9995707673334606
all,indicator_linear,128,mutual_information,16,1.0,16.0,1,0.9980324471228376
all,indicator_linear,128,imse,16,1.0,16.0,1,0.9990695673533573
all,indicator_linear,128,kernel_quadrature,16,1.0,16.0,1,0.9994563929010318
all,indicator_linear,128,contiguous,32,1.0,32.0,1,0.7473040245006205
all,indicator_linear,128,contiguous_block,32,1.0,32.0,1,0.7222479045122929
all,indicator_linear,128,dispersed,32,1.0,32.0,1,0.9999090292900376
all,indicator_linear,128,uniform,32,1.0,32.0,1,0.9997863746406201
all,indicator_linear,128,random,32,1.0,32.0,1,0.999904825405056
all,indicator_linear,128,label_aware,32,1.0,32.0,1,0.9999343426834351
all,indicator_linear,128,mutual_information,32,1.0,32.0,1,0.9999337165055434
all,indicator_linear,128,imse,32,1.0,32.0,1,0.9999393904510879
all,indicator_linear,128,kernel_quadrature,32,1.0,32.0,1,0.9999567543821161
all,indicator_linear,128,contiguous,1,5.0,5.0,1,0.7177245196168541
all,indicator_linear,128,contiguous_block,1,5.0,5.0,1,0.7177245196168541
all,indicator_linear,128,dispersed,1,5.0,5.0,1,0.7177245196168541
all,indicator_linear,128,uniform,1,5.0,5.0,1,0.6548982699905861
all,indicator_linear,128,random,1,5.0,5.0,1,0.8666681310798977
all,indicator_linear,128,label_aware,1,5.0,5.0,1,0.8813681384383667
all,indicator_linear,128,mutual_information,1,5.0,5.0,1,0.6548982699905861
all,indicator_linear,128,imse,1,5.0,5.0,1,0.8813681384383667
all,indicator_linear,128,kernel_quadrature,1,5.0,5.0,1,0.8813681384383667
all,indicator_linear,128,contiguous,2,5.0,10.0,1,0.7285312124617787
all,indicator_linear,128,contiguous_block,2,5.0,10.0,1,0.7177245196168541
all,indicator_linear,128,dispersed,2,5.0,10.0,1,0.9324082299983047
all,indicator_linear,128,uniform,2,5.0,10.0,1,0.8970531377530013
all,indicator_linear,128,random,2,5.0,10.0,1,0.9489996635874336
all,indicator_linear,128,label_aware,2,5.0,10.0,1,0.9590567636919313
all,indicator_linear,128,mutual_information,2,5.0,10.0,1,0.8666107134235588
all,indicator_linear,128,imse,2,5.0,10.0,1,0.9590567636919313
all,indicator_linear,128,kernel_quadrature,2,5.0,10.0,1,0.9590567636919313
all,indicator_linear,128,contiguous,4,5.0,20.0,1,0.7285312124618758
all,indicator_linear,128,contiguous_block,4,5.0,20.0,1,0.7222479045122929
all,indicator_linear,128,dispersed,4,5.0,20.0,1,0.9859208986282106
all,indicator_linear,128,uniform,4,5.0,20.0,1,0.9717981684821366
all,indicator_linear,128,random,4,5.0,20.0,1,0.9789943597302613
all,indicator_linear,128,label_aware,4,5.0,20.0,1,0.9878046924555934
all,indicator_linear,128,mutual_information,4,5.0,20.0,1,0.9785144013166848
all,indicator_linear,128,imse,4,5.0,20.0,1,0.9862653754918193
all,indicator_linear,128,kernel_quadrature,4,5.0,20.0,1,0.9863094695729336
all,indicator_linear,128,contiguous,8,5.0,40.0,1,0.7473040245005865
all,indicator_linear,128,contiguous_block,8,5.0,40.0,1,0.7333658764792569
all,indicator_linear,128,dispersed,8,5.0,40.0,1,0.9969301670596561
all,indicator_linear,128,uniform,8,5.0,40.0,1,0.9921419270603119
all,indicator_linear,128,random,8,5.0,40.0,1,0.993252563434223
all,indicator_linear,128,label_aware,8,5.0,40.0,1,0.9974748939134406
all,indicator_linear,128,mutual_information,8,5.0,40.0,1,0.993376288457608
all,indicator_linear,128,imse,8,5.0,40.0,1,0.9953985490040588
all,indicator_linear,128,kernel_quadrature,8,5.0,40.0,1,0.9954661607661787
all,indicator_linear,128,contiguous,16,5.0,80.0,1,0.8291876276936955
all,indicator_linear,128,contiguous_block,16,5.0,80.0,1,0.7553392295361682
all,indicator_linear,128,dispersed,16,5.0,80.0,1,0.9988574141916606
all,indicator_linear,128,uniform,16,5.0,80.0,1,0.9989859197171864
all,indicator_linear,128,random,16,5.0,80.0,1,0.9988077815847769
all,indicator_linear,128,label_aware,16,5.0,80.0,1,0.9995707673334606
all,indicator_linear,128,mutual_information,16,5.0,80.0,1,0.9980324471228376
all,indicator_linear,128,imse,16,5.0,80.0,1,0.9990695673533573
all,indicator_linear,128,kernel_quadrature,16,5.0,80.0,1,0.9994563929010318
all,indicator_linear,128,contiguous,32,5.0,160.0,1,0.8563986400466173
all,indicator_linear,128,contiguous_block,32,5.0,160.0,1,0.7888782066459954
all,indicator_linear,128,dispersed,32,5.0,160.0,1,0.9999090292900376
all,indicator_linear,128,uniform,32,5.0,160.0,1,0.9997863746406201
all,indicator_linear,128,random,32,5.0,160.0,1,0.999904825405056
all,indicator_linear,128,label_aware,32,5.0,160.0,1,0.9999343426834351
all,indicator_linear,128,mutual_information,32,5.0,160.0,1,0.9999337165055434
all,indicator_linear,128,imse,32,5.0,160.0,1,0.9999393904510879
all,indicator_linear,128,kernel_quadrature,32,5.0,160.0,1,0.9999567543821161
all,indicator_linear,128,contiguous,1,15.0,15.0,0,0.7222479045122929
all,indicator_linear,128,contiguous_block,1,15.0,15.0,0,0.7222479045122929
all,indicator_linear,128,dispersed,1,15.0,15.0,0,0.7222479045122929
all,indicator_linear,128,uniform,1,15.0,15.0,0,0.6548982699905861
all,indicator_linear,128,random,1,15.0,15.0,0,0.8666681310798977
all,indicator_linear,128,label_aware,1,15.0,15.0,0,0.8806701934757338
all,indicator_linear,128,mutual_information,1,15.0,15.0,0,0.6548982699905861
all,indicator_linear,128,imse,1,15.0,15.0,0,0.8806701934757338
all,indicator_linear,128,kernel_quadrature,1,15.0,15.0,0,0.8806701934757338
all,indicator_linear,128,contiguous,2,15.0,30.0,0,0.7285312124617787
all,indicator_linear,128,contiguous_block,2,15.0,30.0,0,0.7222479045122929
all,indicator_linear,128,dispersed,2,15.0,30.0,0,0.9301603879408514
all,indicator_linear,128,uniform,2,15.0,30.0,0,0.8970531377530013
all,indicator_linear,128,random,2,15.0,30.0,0,0.9489996635874336
all,indicator_linear,128,label_aware,2,15.0,30.0,0,0.9584488715537526
all,indicator_linear,128,mutual_information,2,15.0,30.0,0,0.8666107134235588
all,indicator_linear,128,imse,2,15.0,30.0,0,0.9520698353370676
all,indicator_linear,128,kernel_quadrature,2,15.0,30.0,0,0.9584488715537526
all,indicator_linear,128,contiguous,4,15.0,60.0,0,0.757173480769102
all,indicator_linear,128,contiguous_block,4,15.0,60.0,0,0.7406614709106181
all,indicator_linear,128,dispersed,4,15.0,60.0,0,0.9867646912267127
all,indicator_linear,128,uniform,4,15.0,60.0,0,0.9729287727225822
all,indicator_linear,128,random,4,15.0,60.0,0,0.9808504694206464
all,indicator_linear,128,label_aware,4,15.0,60.0,0,0.9896971024710667
all,indicator_linear,128,mutual_information,4,15.0,60.0,0,0.9769635575926293
all,indicator_linear,128,imse,4,15.0,60.0,0,0.985772572875701
all,indicator_linear,128,kernel_quadrature,4,15.0,60.0,0,0.9896189575262421
all,indicator_linear,128,contiguous,8,15.0,120.0,0,0.8304083436565974
all,indicator_linear,128,contiguous_block,8,15.0,120.0,0,0.7684373384838739
all,indicator_linear,128,dispersed,8,15.0,120.0,0,0.9963370932061213
all,indicator_linear,128,uniform,8,15.0,120.0,0,0.9922894002923867
all,indicator_linear,128,random,8,15.0,120.0,0,0.9937615182076633
all,indicator_linear,128,label_aware,8,15.0,120.0,0,0.9974757453140768
all,indicator_linear,128,mutual_information,8,15.0,120.0,0,0.9917751582775534
all,indicator_linear,128,imse,8,15.0,120.0,0,0.9955582156547481
all,indicator_linear,128,kernel_quadrature,8,15.0,120.0,0,0.9967627947607018
all,indicator_linear,128,contiguous,16,15.0,240.0,0,0.9219147926435358
all,indicator_linear,128,contiguous_block,16,15.0,240.0,0,0.8350362274537786
all,indicator_linear,128,dispersed,16,15.0,240.0,0,0.9993829371909584
all,indicator_linear,128,uniform,16,15.0,240.0,0,0.999172307929376
all,indicator_linear,128,random,16,15.0,240.0,0,0.9988604912474078
all,indicator_linear,128,label_aware,16,15.0,240.0,0,0.9997055273951235
all,indicator_linear,128,mutual_information,16,15.0,240.0,0,0.9984201132533183
all,indicator_linear,128,imse,16,15.0,240.0,0,0.9994852170574732
all,indicator_linear,128,kernel_quadrature,16,15.0,240.0,0,0.9994202441851102
all,indicator_linear,128,contiguous,32,15.0,480.0,0,0.9857312224195018
all,indicator_linear,128,contiguous_block,32,15.0,480.0,0,0.9251295557443788
all,indicator_linear,128,dispersed,32,15.0,480.0,0,0.9999801913687911
all,indicator_linear,128,uniform,32,15.0,480.0,0,0.9998032863155809
all,indicator_linear,128,random,32,15.0,480.0,0,0.9999003119633202
all,indicator_linear,128,label_aware,32,15.0,480.0,0,0.9999652650526943
all,indicator_linear,128,mutual_information,32,15.0,480.0,0,0.9999324254549921
all,indicator_linear,128,imse,32,15.0,480.0,0,0.9999285682261181
all,indicator_linear,128,kernel_quadrature,32,15.0,480.0,0,0.999950330495781
mixed,indicator_linear,128,contiguous,1,1.0,1.0,1,0.25109498404442
mixed,indicator_linear,128,contiguous_block,1,1.0,1.0,1,0.25109498404442
mixed,indicator_linear,128,dispersed,1,1.0,1.0,1,0.25109498404442
mixed,indicator_linear,128,uniform,1,1.0,1.0,1,0.2155158471218842
mixed,indicator_linear,128,random,1,1.0,1.0,1,0.5740735655745943
mixed,indicator_linear,128,label_aware,1,1.0,1.0,1,0.6405824927916873
mixed,indicator_linear,128,mutual_information,1,1.0,1.0,1,0.2155158471218842
mixed,indicator_linear,128,imse,1,1.0,1.0,1,0.6041303971779987
mixed,indicator_linear,128,kernel_quadrature,1,1.0,1.0,1,0.6405824927916873
mixed,indicator_linear,128,contiguous,2,1.0,2.0,1,0.2548072977048105
mixed,indicator_linear,128,contiguous_block,2,1.0,2.0,1,0.25109498404442
mixed,indicator_linear,128,dispersed,2,1.0,2.0,1,0.7605136602803901
mixed,indicator_linear,128,uniform,2,1.0,2.0,1,0.6211782296772821
mixed,indicator_linear,128,random,2,1.0,2.0,1,0.7975267645119715
mixed,indicator_linear,128,label_aware,2,1.0,2.0,1,0.8715983528527558
mixed,indicator_linear,128,mutual_information,2,1.0,2.0,1,0.4841874351622588
mixed,indicator_linear,128,imse,2,1.0,2.0,1,0.8128271405468792
mixed,indicator_linear,128,kernel_quadrature,2,1.0,2.0,1,0.8715983528527558
mixed,indicator_linear,128,contiguous,4,1.0,4.0,1,0.2548072977048128
mixed,indicator_linear,128,contiguous_block,4,1.0,4.0,1,0.25109498404442
mixed,indicator_linear,128,dispersed,4,1.0,4.0,1,0.936328689689203
mixed,indicator_linear,128,uniform,4,1.0,4.0,1,0.8847246851754997
mixed,indicator_linear,128,random,4,1.0,4.0,1,0.8962181264619554
mixed,indicator_linear,128,label_aware,4,1.0,4.0,1,0.9688113475091064
mixed,indicator_linear,128,mutual_information,4,1.0,4.0,1,0.7859550113493504
mixed,indicator_linear,128,imse,4,1.0,4.0,1,0.9073153343724151
mixed,indicator_linear,128,kernel_quadrature,4,1.0,4.0,1,0.9651975304052999
mixed,indicator_linear,128,contiguous,8,1.0,8.0,1,0.2548072977048086
mixed,indicator_linear,128,contiguous_block,8,1.0,8.0,1,0.25109498404442
mixed,indicator_linear,128,dispersed,8,1.0,8.0,1,0.985040672774669
mixed,indicator_linear,128,uniform,8,1.0,8.0,1,0.9705871355860718
mixed,indicator_linear,128,random,8,1.0,8.0,1,0.9722545329022019
mixed,indicator_linear,128,label_aware,8,1.0,8.0,1,0.9927250470875386
mixed,indicator_linear,128,mutual_information,8,1.0,8.0,1,0.960795740621509
mixed,indicator_linear,128,imse,8,1.0,8.0,1,0.9783238937668751
mixed,indicator_linear,128,kernel_quadrature,8,1.0,8.0,1,0.9899279187923348
mixed,indicator_linear,128,contiguous,16,1.0,16.0,1,0.25480729770481975
mixed,indicator_linear,128,contiguous_block,16,1.0,16.0,1,0.2483855090093438
mixed,indicator_linear,128,dispersed,16,1.0,16.0,1,0.9939978120894319
mixed,indicator_linear,128,uniform,16,1.0,16.0,1,0.994934105268652
mixed,indicator_linear,128,random,16,1.0,16.0,1,0.9956635847973163
mixed,indicator_linear,128,label_aware,16,1.0,16.0,1,0.9993291273322891
mixed,indicator_linear,128,mutual_information,16,1.0,16.0,1,0.9932480495918752
mixed,indicator_linear,128,imse,16,1.0,16.0,1,0.9979859224029748
mixed,indicator_linear,128,kernel_quadrature,16,1.0,16.0,1,0.9987607850643934
mixed,indicator_linear,128,contiguous,32,1.0,32.0,1,0.4364893570464915
mixed,indicator_linear,128,contiguous_block,32,1.0,32.0,1,0.2483855090093438
mixed,indicator_linear,128,dispersed,32,1.0,32.0,1,1.0
mixed,indicator_linear,128,uniform,32,1.0,32.0,1,0.9999999999984343
mixed,indicator_linear,128,random,32,1.0,32.0,1,0.9999999999990467
mixed,indicator_linear,128,label_aware,32,1.0,32.0,1,1.0
mixed,indicator_linear,128,mutual_information,32,1.0,32.0,1,0.9999999999993917
mixed,indicator_linear,128,imse,32,1.0,32.0,1,0.9998725213373356
mixed,indicator_linear,128,kernel_quadrature,32,1.0,32.0,1,0.9999999987893402
mixed,indicator_linear,128,contiguous,1,5.0,5.0,1,0.25109498404442
mixed,indicator_linear,128,contiguous_block,1,5.0,5.0,1,0.25109498404442
mixed,indicator_linear,128,dispersed,1,5.0,5.0,1,0.25109498404442
mixed,indicator_linear,128,uniform,1,5.0,5.0,1,0.2155158471218842
mixed,indicator_linear,128,random,1,5.0,5.0,1,0.5740735655745943
mixed,indicator_linear,128,label_aware,1,5.0,5.0,1,0.6405824927916873
mixed,indicator_linear,128,mutual_information,1,5.0,5.0,1,0.2155158471218842
mixed,indicator_linear,128,imse,1,5.0,5.0,1,0.6041303971779987
mixed,indicator_linear,128,kernel_quadrature,1,5.0,5.0,1,0.6405824927916873
mixed,indicator_linear,128,contiguous,2,5.0,10.0,1,0.2548072977048105
mixed,indicator_linear,128,contiguous_block,2,5.0,10.0,1,0.25109498404442
mixed,indicator_linear,128,dispersed,2,5.0,10.0,1,0.7605136602803901
mixed,indicator_linear,128,uniform,2,5.0,10.0,1,0.6211782296772821
mixed,indicator_linear,128,random,2,5.0,10.0,1,0.7975267645119715
mixed,indicator_linear,128,label_aware,2,5.0,10.0,1,0.8715983528527558
mixed,indicator_linear,128,mutual_information,2,5.0,10.0,1,0.4841874351622588
mixed,indicator_linear,128,imse,2,5.0,10.0,1,0.8128271405468792
mixed,indicator_linear,128,kernel_quadrature,2,5.0,10.0,1,0.8715983528527558
mixed,indicator_linear,128,contiguous,4,5.0,20.0,1,0.2548072977048128
mixed,indicator_linear,128,contiguous_block,4,5.0,20.0,1,0.2483855090093438
mixed,indicator_linear,128,dispersed,4,5.0,20.0,1,0.936328689689203
mixed,indicator_linear,128,uniform,4,5.0,20.0,1,0.8847246851754997
mixed,indicator_linear,128,random,4,5.0,20.0,1,0.8962181264619554
mixed,indicator_linear,128,label_aware,4,5.0,20.0,1,0.9688113475091064
mixed,indicator_linear,128,mutual_information,4,5.0,20.0,1,0.7859550113493504
mixed,indicator_linear,128,imse,4,5.0,20.0,1,0.9073153343724151
mixed,indicator_linear,128,kernel_quadrature,4,5.0,20.0,1,0.9651975304052999
mixed,indicator_linear,128,contiguous,8,5.0,40.0,1,0.43648935704650055
mixed,indicator_linear,128,contiguous_block,8,5.0,40.0,1,0.2732867867885053
mixed,indicator_linear,128,dispersed,8,5.0,40.0,1,0.985040672774669
mixed,indicator_linear,128,uniform,8,5.0,40.0,1,0.9705871355860718
mixed,indicator_linear,128,random,8,5.0,40.0,1,0.9722545329022019
mixed,indicator_linear,128,label_aware,8,5.0,40.0,1,0.9927250470875386
mixed,indicator_linear,128,mutual_information,8,5.0,40.0,1,0.960795740621509
mixed,indicator_linear,128,imse,8,5.0,40.0,1,0.9783238937668751
mixed,indicator_linear,128,kernel_quadrature,8,5.0,40.0,1,0.9899279187923348
mixed,indicator_linear,128,contiguous,16,5.0,80.0,1,0.6023169768663917
mixed,indicator_linear,128,contiguous_block,16,5.0,80.0,1,0.3099269321184537
mixed,indicator_linear,128,dispersed,16,5.0,80.0,1,0.9939978120894319
mixed,indicator_linear,128,uniform,16,5.0,80.0,1,0.994934105268652
mixed,indicator_linear,128,random,16,5.0,80.0,1,0.9956635847973163
mixed,indicator_linear,128,label_aware,16,5.0,80.0,1,0.9993291273322891
mixed,indicator_linear,128,mutual_information,16,5.0,80.0,1,0.9932480495918752
mixed,indicator_linear,128,imse,16,5.0,80.0,1,0.9979859224029748
mixed,indicator_linear,128,kernel_quadrature,16,5.0,80.0,1,0.9987607850643934
mixed,indicator_linear,128,contiguous,32,5.0,160.0,1,0.746177474052651
mixed,indicator_linear,128,contiguous_block,32,5.0,160.0,1,0.35796527283864427
mixed,indicator_linear,128,dispersed,32,5.0,160.0,1,1.0
mixed,indicator_linear,128,uniform,32,5.0,160.0,1,0.9999999999984343
mixed,indicator_linear,128,random,32,5.0,160.0,1,0.9999999999990467
mixed,indicator_linear,128,label_aware,32,5.0,160.0,1,1.0
mixed,indicator_linear,128,mutual_information,32,5.0,160.0,1,0.9999999999993917
mixed,indicator_linear,128,imse,32,5.0,160.0,1,0.9998725213373356
mixed,indicator_linear,128,kernel_quadrature,32,5.0,160.0,1,0.9999999987893402
mixed,indicator_linear,128,contiguous,1,15.0,15.0,0,0.2483855090093438
mixed,indicator_linear,128,contiguous_block,1,15.0,15.0,0,0.2483855090093438
mixed,indicator_linear,128,dispersed,1,15.0,15.0,0,0.2483855090093438
mixed,indicator_linear,128,uniform,1,15.0,15.0,0,0.2155158471218842
mixed,indicator_linear,128,random,1,15.0,15.0,0,0.5740735655745943
mixed,indicator_linear,128,label_aware,1,15.0,15.0,0,0.6455978136440257
mixed,indicator_linear,128,mutual_information,1,15.0,15.0,0,0.2155158471218842
mixed,indicator_linear,128,imse,1,15.0,15.0,0,0.6041303971779987
mixed,indicator_linear,128,kernel_quadrature,1,15.0,15.0,0,0.6455978136440257
mixed,indicator_linear,128,contiguous,2,15.0,30.0,0,0.2548072977048105
mixed,indicator_linear,128,contiguous_block,2,15.0,30.0,0,0.2483855090093438
mixed,indicator_linear,128,dispersed,2,15.0,30.0,0,0.7405959470474224
mixed,indicator_linear,128,uniform,2,15.0,30.0,0,0.6211782296772821
mixed,indicator_linear,128,random,2,15.0,30.0,0,0.8132196920738006
mixed,indicator_linear,128,label_aware,2,15.0,30.0,0,0.8704017946198496
mixed,indicator_linear,128,mutual_information,2,15.0,30.0,0,0.4841874351622588
mixed,indicator_linear,128,imse,2,15.0,30.0,0,0.826266185052766
mixed,indicator_linear,128,kernel_quadrature,2,15.0,30.0,0,0.8545250991244435
mixed,indicator_linear,128,contiguous,4,15.0,60.0,0,0.408292301776569
mixed,indicator_linear,128,contiguous_block,4,15.0,60.0,0,0.28742211501596865
mixed,indicator_linear,128,dispersed,4,15.0,60.0,0,0.9399310735560708
mixed,indicator_linear,128,uniform,4,15.0,60.0,0,0.890016726282146
mixed,indicator_linear,128,random,4,15.0,60.0,0,0.9079276405527665
mixed,indicator_linear,128,label_aware,4,15.0,60.0,0,0.9679014426937256
mixed,indicator_linear,128,mutual_information,4,15.0,60.0,0,0.8346749313800157
mixed,indicator_linear,128,imse,4,15.0,60.0,0,0.9114382805560584
mixed,indicator_linear,128,kernel_quadrature,4,15.0,60.0,0,0.9679014426937256
mixed,indicator_linear,128,contiguous,8,15.0,120.0,0,0.5772230508098608
mixed,indicator_linear,128,contiguous_block,8,15.0,120.0,0,0.32682992557657775
mixed,indicator_linear,128,dispersed,8,15.0,120.0,0,0.9826589553375172
mixed,indicator_linear,128,uniform,8,15.0,120.0,0,0.9703033041747562
mixed,indicator_linear,128,random,8,15.0,120.0,0,0.9788808827335962
mixed,indicator_linear,128,label_aware,8,15.0,120.0,0,0.9919818517497585
mixed,indicator_linear,128,mutual_information,8,15.0,120.0,0,0.9625302592938082
mixed,indicator_linear,128,imse,8,15.0,120.0,0,0.9817806388579328
mixed,indicator_linear,128,kernel_quadrature,8,15.0,120.0,0,0.9917921994883288
mixed,indicator_linear,128,contiguous,16,15.0,240.0,0,0.843663241119211
mixed,indicator_linear,128,contiguous_block,16,15.0,240.0,0,0.4572529753054364
mixed,indicator_linear,128,dispersed,16,15.0,240.0,0,0.9975328187738186
mixed,indicator_linear,128,uniform,16,15.0,240.0,0,0.9957953361848476
mixed,indicator_linear,128,random,16,15.0,240.0,0,0.9957391978450469
mixed,indicator_linear,128,label_aware,16,15.0,240.0,0,0.9990718248605277
mixed,indicator_linear,128,mutual_information,16,15.0,240.0,0,0.9926547418299996
mixed,indicator_linear,128,imse,16,15.0,240.0,0,0.9973914974380884
mixed,indicator_linear,128,kernel_quadrature,16,15.0,240.0,0,0.9991636559890144
mixed,indicator_linear,128,contiguous,32,15.0,480.0,0,0.9881519552840141
mixed,indicator_linear,128,contiguous_block,32,15.0,480.0,0,0.7041836738715859
mixed,indicator_linear,128,dispersed,32,15.0,480.0,0,1.0
mixed,indicator_linear,128,uniform,32,15.0,480.0,0,0.9999999999986531
mixed,indicator_linear,128,random,32,15.0,480.0,0,0.9999999999998826
mixed,indicator_linear,128,label_aware,32,15.0,480.0,0,0.9999999999868744
mixed,indicator_linear,128,mutual_information,32,15.0,480.0,0,1.0
mixed,indicator_linear,128,imse,32,15.0,480.0,0,1.0
mixed,indicator_linear,128,kernel_quadrature,32,15.0,480.0,0,1.0
