alpha,label,protocol,model,seed_index,seed_key,n_subjects_train,n_subjects_test,n_horizons,r2_total,r2_between,r2_within,within_squared_corr,bayes_r2_total,bayes_r2_between,bayes_r2_within,bayes_within_squared_corr,hyperparameter
0.35,occupation,same_time,ridge,0,"[20260802, 777, 0]",2500,5000,2,0.34624527549862427,0.4487286420441552,-0.7389952681082783,0.06838765962773781,0.3493047319560083,0.45577742749250405,-0.7781805359287401,0.07057993076056678,cv-alpha
0.35,occupation,same_time,gp,0,"[20260802, 777, 0]",2500,5000,2,0.3476860056078258,0.44594679071415266,-0.6928398030038116,0.07114719042734226,0.3493047319560083,0.45577742749250405,-0.7781805359287401,0.07057993076056678,reg=1
0.35,occupation,same_time,mlp,0,"[20260802, 777, 0]",2500,5000,2,0.348276423943366,0.45105115926770356,-0.7400495492562671,0.07063598927239947,0.3493047319560083,0.45577742749250405,-0.7781805359287401,0.07057993076056678,weight_decay=0.01
0.35,occupation,dispersed,ridge,0,"[20260802, 777, 0]",2500,5000,2,0.6840771525596407,0.7794165072037629,-0.3255123696107767,0.22102390593235766,0.6975285634055994,0.794379140656791,-0.3280639463606503,0.23511978727355448,cv-alpha
0.35,occupation,dispersed,gp,0,"[20260802, 777, 0]",2500,5000,2,0.6901822801166613,0.7843273307043517,-0.3067602415977564,0.23422931638832187,0.6975285634055994,0.794379140656791,-0.3280639463606503,0.23511978727355448,reg=3
0.35,occupation,dispersed,mlp,0,"[20260802, 777, 0]",2500,5000,2,0.6931932452818415,0.787448022052249,-0.30491121427862455,0.22942058110066715,0.6975285634055994,0.794379140656791,-0.3280639463606503,0.23511978727355448,weight_decay=0.01
0.35,mean,same_time,ridge,0,"[20260802, 777, 0]",2500,5000,2,0.36310881861173594,0.4635111166453637,-0.8809946786196825,0.09580769173710638,0.36387576383715925,0.4675056992383513,-0.9202219866675898,0.09580769173710638,cv-alpha
0.35,mean,same_time,gp,0,"[20260802, 777, 0]",2500,5000,2,0.3617102865667525,0.4694091119201763,-0.9728058340207795,0.09459469540644953,0.36387576383715925,0.4675056992383513,-0.9202219866675898,0.09580769173710638,reg=0.3
0.35,mean,same_time,mlp,0,"[20260802, 777, 0]",2500,5000,2,0.3610091200291121,0.45547589502448615,-0.8095462103334969,0.09491704841252482,0.36387576383715925,0.4675056992383513,-0.9202219866675898,0.09580769173710638,weight_decay=0.1
0.35,mean,dispersed,ridge,0,"[20260802, 777, 0]",2500,5000,2,0.7226831187803204,0.8143566217455623,-0.41326025976976966,0.2899672478719286,0.7232478805588858,0.8151240150356036,-0.415206342633347,0.2895930017204249,cv-alpha
0.35,mean,dispersed,gp,0,"[20260802, 777, 0]",2500,5000,2,0.7104384894774285,0.7997371373454243,-0.396077619082166,0.2753870513734169,0.7232478805588858,0.8151240150356036,-0.415206342633347,0.2895930017204249,reg=1
0.35,mean,dispersed,mlp,0,"[20260802, 777, 0]",2500,5000,2,0.7213467899532471,0.8053380908230718,-0.31940499756228435,0.2897231182298401,0.7232478805588858,0.8151240150356036,-0.415206342633347,0.2895930017204249,weight_decay=0.1
0.35,occupation,same_time,ridge,1,"[20260802, 777, 1]",2500,5000,2,0.34900390745496435,0.45832039194021923,-0.7672333718483111,0.07957781243215793,0.35140212408487503,0.4556818289294534,-0.7134042916205392,0.08257682764603747,cv-alpha
0.35,occupation,same_time,gp,1,"[20260802, 777, 1]",2500,5000,2,0.3446820903483586,0.45471724960341997,-0.7788936207891459,0.08108629659587095,0.35140212408487503,0.4556818289294534,-0.7134042916205392,0.08257682764603747,reg=1
0.35,occupation,same_time,mlp,1,"[20260802, 777, 1]",2500,5000,2,0.3506712354202518,0.4618042352673112,-0.7841145928490914,0.08297503231983294,0.35140212408487503,0.4556818289294534,-0.7134042916205392,0.08257682764603747,weight_decay=0.01
0.35,occupation,dispersed,ridge,1,"[20260802, 777, 1]",2500,5000,2,0.6821843798317324,0.782762440006638,-0.34482431676041836,0.22499651222190165,0.6926209655868312,0.7926878388568257,-0.3291679703933643,0.23956808927387999,cv-alpha
0.35,occupation,dispersed,gp,1,"[20260802, 777, 1]",2500,5000,2,0.6855097707972453,0.7861606741330098,-0.34224273174581743,0.2368196760727405,0.6926209655868312,0.7926878388568257,-0.3291679703933643,0.23956808927387999,reg=3
0.35,occupation,dispersed,mlp,1,"[20260802, 777, 1]",2500,5000,2,0.6904288367022906,0.7914398987297516,-0.3410012681715613,0.23574698723843332,0.6926209655868312,0.7926878388568257,-0.3291679703933643,0.23956808927387999,weight_decay=0.01
0.35,mean,same_time,ridge,1,"[20260802, 777, 1]",2500,5000,2,0.3753873224998616,0.4827131050327259,-0.9437526680225785,0.09659227577447518,0.37553675447630586,0.4784876367426596,-0.8898313858913576,0.09659227577447516,cv-alpha
0.35,mean,same_time,gp,1,"[20260802, 777, 1]",2500,5000,2,0.3689859419326398,0.47545665088270916,-0.9396443487647987,0.09369659440605092,0.37553675447630586,0.4784876367426596,-0.8898313858913576,0.09659227577447516,reg=0.1
0.35,mean,same_time,mlp,1,"[20260802, 777, 1]",2500,5000,2,0.3735310300369423,0.48019662541575137,-0.9374946075724253,0.09540890853321128,0.37553675447630586,0.4784876367426596,-0.8898313858913576,0.09659227577447516,weight_decay=0.01
0.35,mean,dispersed,ridge,1,"[20260802, 777, 1]",2500,5000,2,0.7245422645987338,0.8183589438666967,-0.4285574890647583,0.2787243260341431,0.7249687596419934,0.8174349181674962,-0.41153175870855474,0.27914159218485574,cv-alpha
0.35,mean,dispersed,gp,1,"[20260802, 777, 1]",2500,5000,2,0.7087964655469559,0.8058543747848977,-0.4841412093594575,0.2693849162713298,0.7249687596419934,0.8174349181674962,-0.41153175870855474,0.27914159218485574,reg=0.3
0.35,mean,dispersed,mlp,1,"[20260802, 777, 1]",2500,5000,2,0.7243402077845302,0.8172670054066609,-0.41782202054119355,0.27919398153226455,0.7249687596419934,0.8174349181674962,-0.41153175870855474,0.27914159218485574,weight_decay=0.01
0.35,occupation,same_time,ridge,2,"[20260802, 777, 2]",2500,5000,2,0.3588390336875813,0.46853893526600665,-0.8077850817700218,0.07048057503350336,0.36260511133374873,0.47047561372557245,-0.7845639164056373,0.07381214345057156,cv-alpha
0.35,occupation,same_time,gp,2,"[20260802, 777, 2]",2500,5000,2,0.35969884100071814,0.46901797832719383,-0.80287596582272,0.07473959292782113,0.36260511133374873,0.47047561372557245,-0.7845639164056373,0.07381214345057156,reg=3
0.35,occupation,same_time,mlp,2,"[20260802, 777, 2]",2500,5000,2,0.3626091807956152,0.4711085134657781,-0.7912472601199436,0.07404547809014905,0.36260511133374873,0.47047561372557245,-0.7845639164056373,0.07381214345057156,weight_decay=0.01
0.35,occupation,dispersed,ridge,2,"[20260802, 777, 2]",2500,5000,2,0.6919958861581222,0.7890794421120566,-0.3404573427015849,0.21780120917472348,0.7051614624193883,0.803652799323957,-0.34226307619229446,0.2325987927461526,cv-alpha
0.35,occupation,dispersed,gp,2,"[20260802, 777, 2]",2500,5000,2,0.696997902019529,0.7908098166135855,-0.3006624450541058,0.23027995819104213,0.7051614624193883,0.803652799323957,-0.34226307619229446,0.2325987927461526,reg=3
0.35,occupation,dispersed,mlp,2,"[20260802, 777, 2]",2500,5000,2,0.702652961665858,0.7999994932401242,-0.3325969306004919,0.22873053940846677,0.7051614624193883,0.803652799323957,-0.34226307619229446,0.2325987927461526,weight_decay=0.01
0.35,mean,same_time,ridge,2,"[20260802, 777, 2]",2500,5000,2,0.38403518433647,0.48734682020959486,-0.9265004981816214,0.09774708290361245,0.38421806970312067,0.4882917401028529,-0.9359842242279983,0.09774708290361242,cv-alpha
0.35,mean,same_time,gp,2,"[20260802, 777, 2]",2500,5000,2,0.3798906300475502,0.48506328437644874,-0.954252568424615,0.09712442588317391,0.38421806970312067,0.4882917401028529,-0.9359842242279983,0.09774708290361242,reg=0.1
0.35,mean,same_time,mlp,2,"[20260802, 777, 2]",2500,5000,2,0.38400332048141783,0.4861868386689615,-0.9122218880175674,0.09755068478604789,0.38421806970312067,0.4882917401028529,-0.9359842242279983,0.09774708290361242,weight_decay=0.01
0.35,mean,dispersed,ridge,2,"[20260802, 777, 2]",2500,5000,2,0.7317866359123961,0.8195818747360428,-0.3819194075664658,0.293082834867069,0.731559766920622,0.8172922819881154,-0.3559800750188842,0.2928959503980206,cv-alpha
0.35,mean,dispersed,gp,2,"[20260802, 777, 2]",2500,5000,2,0.7195066331810112,0.8087223253030188,-0.4122182396109262,0.27570372527313924,0.731559766920622,0.8172922819881154,-0.3559800750188842,0.2928959503980206,reg=1
0.35,mean,dispersed,mlp,2,"[20260802, 777, 2]",2500,5000,2,0.7313259972390135,0.8185269071610044,-0.3748408254522848,0.29247255877427086,0.731559766920622,0.8172922819881154,-0.3559800750188842,0.2928959503980206,weight_decay=0.01
0.35,occupation,same_time,ridge,3,"[20260802, 777, 3]",2500,5000,2,0.340305187575764,0.44839102416620447,-0.7479178350015827,0.07018992308161554,0.3423298078249961,0.45312223418939035,-0.7731435317004391,0.07403022721370058,cv-alpha
0.35,occupation,same_time,gp,3,"[20260802, 777, 3]",2500,5000,2,0.3401477780011273,0.44875105271024596,-0.7532848825016627,0.07208762744612032,0.3423298078249961,0.45312223418939035,-0.7731435317004391,0.07403022721370058,reg=1
0.35,occupation,same_time,mlp,3,"[20260802, 777, 3]",2500,5000,2,0.3427098568414012,0.44432270712986666,-0.680342252128378,0.07421858374281302,0.3423298078249961,0.45312223418939035,-0.7731435317004391,0.07403022721370058,weight_decay=0.1
0.35,occupation,dispersed,ridge,3,"[20260802, 777, 3]",2500,5000,2,0.6802583749956166,0.7767593641620498,-0.2913268153038444,0.2355133796582077,0.6919529951487873,0.7902886838903816,-0.2981042020313607,0.25027247291075655,cv-alpha
0.35,occupation,dispersed,gp,3,"[20260802, 777, 3]",2500,5000,2,0.6864735558399945,0.7843219926710612,-0.2986779222972389,0.24619001732139192,0.6919529951487873,0.7902886838903816,-0.2981042020313607,0.25027247291075655,reg=3
0.35,occupation,dispersed,mlp,3,"[20260802, 777, 3]",2500,5000,2,0.6905449323589264,0.7879607266662794,-0.2902506415293966,0.24746735422374191,0.6919529951487873,0.7902886838903816,-0.2981042020313607,0.25027247291075655,weight_decay=0.01
0.35,mean,same_time,ridge,3,"[20260802, 777, 3]",2500,5000,2,0.35555794787897466,0.46044929060072215,-0.9198877371995822,0.09942202122100602,0.3551932970649164,0.4633219144093109,-0.9596166276327529,0.09942202122100605,cv-alpha
0.35,mean,same_time,gp,3,"[20260802, 777, 3]",2500,5000,2,0.3475451047818485,0.4425630818102042,-0.8078435637300931,0.09636718412846171,0.3551932970649164,0.4633219144093109,-0.9596166276327529,0.09942202122100605,reg=10
0.35,mean,same_time,mlp,3,"[20260802, 777, 3]",2500,5000,2,0.35480892606869485,0.45846403110687795,-0.9056044982119755,0.0988869819353069,0.3551932970649164,0.4633219144093109,-0.9596166276327529,0.09942202122100605,weight_decay=0.01
0.35,mean,dispersed,ridge,3,"[20260802, 777, 3]",2500,5000,2,0.7174440016298944,0.8155413850036423,-0.47538927798072583,0.27248372575605406,0.7180708668300373,0.8139238049759853,-0.4474706658459813,0.2733818208309141,cv-alpha
0.35,mean,dispersed,gp,3,"[20260802, 777, 3]",2500,5000,2,0.7025119514548444,0.8008366656220627,-0.4930855989916134,0.2550855041103519,0.7180708668300373,0.8139238049759853,-0.4474706658459813,0.2733818208309141,reg=0.3
0.35,mean,dispersed,mlp,3,"[20260802, 777, 3]",2500,5000,2,0.7163878384123619,0.8142662988630814,-0.47378340741838754,0.27110082573636923,0.7180708668300373,0.8139238049759853,-0.4474706658459813,0.2733818208309141,weight_decay=0.01
0.35,occupation,same_time,ridge,4,"[20260802, 777, 4]",2500,5000,2,0.35614682084309757,0.4566890573277891,-0.6402914462025322,0.085381949931312,0.3593502181706625,0.4603504507881445,-0.6416270852921739,0.08855017951271894,cv-alpha
0.35,occupation,same_time,gp,4,"[20260802, 777, 4]",2500,5000,2,0.35359056098787933,0.4567613086705745,-0.6688979435959583,0.08374617404417084,0.3593502181706625,0.4603504507881445,-0.6416270852921739,0.08855017951271894,reg=0.1
0.35,occupation,same_time,mlp,4,"[20260802, 777, 4]",2500,5000,2,0.3583292964476906,0.4577888888715961,-0.6273792712250676,0.0873632015261436,0.3593502181706625,0.4603504507881445,-0.6416270852921739,0.08855017951271894,weight_decay=0.01
0.35,occupation,dispersed,ridge,4,"[20260802, 777, 4]",2500,5000,2,0.6896947902780215,0.7873195424011201,-0.27782932921091463,0.24001875167914424,0.7013597313978474,0.7982903624228599,-0.2592852013106961,0.25529857019065594,cv-alpha
0.35,occupation,dispersed,gp,4,"[20260802, 777, 4]",2500,5000,2,0.6941798798054709,0.7879800627627715,-0.2354402979669501,0.2502767754728628,0.7013597313978474,0.7982903624228599,-0.2592852013106961,0.25529857019065594,reg=3
0.35,occupation,dispersed,mlp,4,"[20260802, 777, 4]",2500,5000,2,0.6991780512399981,0.7958980608459953,-0.2593794876616813,0.25168168312161165,0.7013597313978474,0.7982903624228599,-0.2592852013106961,0.25529857019065594,weight_decay=0.01
0.35,mean,same_time,ridge,4,"[20260802, 777, 4]",2500,5000,2,0.371805564029416,0.4756563320294567,-0.8553043402644693,0.0928601700273641,0.37192983035757476,0.4745483239694961,-0.8406194102494651,0.0928601700273641,cv-alpha
0.35,mean,same_time,gp,4,"[20260802, 777, 4]",2500,5000,2,0.36775313336167403,0.472006967991754,-0.8641194420547902,0.09043199982372038,0.37192983035757476,0.4745483239694961,-0.8406194102494651,0.0928601700273641,reg=0.3
0.35,mean,same_time,mlp,4,"[20260802, 777, 4]",2500,5000,2,0.371319106625726,0.4752737412072532,-0.8570180944260142,0.09209412490180911,0.37192983035757476,0.4745483239694961,-0.8406194102494651,0.0928601700273641,weight_decay=0.001
0.35,mean,dispersed,ridge,4,"[20260802, 777, 4]",2500,5000,2,0.7236645332759721,0.8167575110939708,-0.37633036614193216,0.29653928557676906,0.7239239874461654,0.8149552517599845,-0.35170952197417993,0.29602050577227845,cv-alpha
0.35,mean,dispersed,gp,4,"[20260802, 777, 4]",2500,5000,2,0.710398584851066,0.8086606163914818,-0.45067431274401915,0.2866740632401112,0.7239239874461654,0.8149552517599845,-0.35170952197417993,0.29602050577227845,reg=0.3
0.35,mean,dispersed,mlp,4,"[20260802, 777, 4]",2500,5000,2,0.7228483495233966,0.8087461362295418,-0.2921275322533561,0.2962689116654642,0.7239239874461654,0.8149552517599845,-0.35170952197417993,0.29602050577227845,weight_decay=0.1
0.35,occupation,same_time,ridge,5,"[20260802, 777, 5]",2500,5000,2,0.3615412149774516,0.46833380795272006,-0.7980495557010363,0.06627739922704122,0.3648214208629498,0.4699788149097792,-0.7770137964310406,0.0694970395057872,cv-alpha
0.35,occupation,same_time,gp,5,"[20260802, 777, 5]",2500,5000,2,0.3609990553008865,0.45602686493686495,-0.6708456442392019,0.06990857869589007,0.3648214208629498,0.4699788149097792,-0.7770137964310406,0.0694970395057872,reg=1
0.35,occupation,same_time,mlp,5,"[20260802, 777, 5]",2500,5000,2,0.3645707384208775,0.4700888741158067,-0.7811815359843002,0.06894656178987947,0.3648214208629498,0.4699788149097792,-0.7770137964310406,0.0694970395057872,weight_decay=0.01
0.35,occupation,dispersed,ridge,5,"[20260802, 777, 5]",2500,5000,2,0.6848284912254805,0.7789731279073354,-0.33742641207516577,0.2396206851054237,0.6969275435398722,0.7924472250353298,-0.34025807012841613,0.2545776196881875,cv-alpha
0.35,occupation,dispersed,gp,5,"[20260802, 777, 5]",2500,5000,2,0.6920720618582461,0.7843644484931059,-0.31007047222610384,0.25477000763755187,0.6969275435398722,0.7924472250353298,-0.34025807012841613,0.2545776196881875,reg=3
0.35,occupation,dispersed,mlp,5,"[20260802, 777, 5]",2500,5000,2,0.6947517886508252,0.7890416776395469,-0.32908031424550477,0.2511118254243832,0.6969275435398722,0.7924472250353298,-0.34025807012841613,0.2545776196881875,weight_decay=0.01
0.35,mean,same_time,ridge,5,"[20260802, 777, 5]",2500,5000,2,0.3706289230181069,0.4829029196825436,-1.0561968554608718,0.07481356071600047,0.3707187577539217,0.4786481281472099,-1.0008936592549094,0.0748135607160005,cv-alpha
0.35,mean,same_time,gp,5,"[20260802, 777, 5]",2500,5000,2,0.36338815048269546,0.46634321696179526,-0.9450086933247488,0.07164593479580623,0.3707187577539217,0.4786481281472099,-1.0008936592549094,0.0748135607160005,reg=3
0.35,mean,same_time,mlp,5,"[20260802, 777, 5]",2500,5000,2,0.3709180359688614,0.48108824490474145,-1.029171911839334,0.0747163080086224,0.3707187577539217,0.4786481281472099,-1.0008936592549094,0.0748135607160005,weight_decay=0.01
0.35,mean,dispersed,ridge,5,"[20260802, 777, 5]",2500,5000,2,0.7273838211965631,0.8161988187789684,-0.4013150033841082,0.2949436409793795,0.7278769953515576,0.8170905257974999,-0.405886554634455,0.29483702191447747,cv-alpha
0.35,mean,dispersed,gp,5,"[20260802, 777, 5]",2500,5000,2,0.7173782678161553,0.8078793810444036,-0.43274843267932717,0.2846265606199114,0.7278769953515576,0.8170905257974999,-0.405886554634455,0.29483702191447747,reg=0.3
0.35,mean,dispersed,mlp,5,"[20260802, 777, 5]",2500,5000,2,0.7255238431057125,0.8071718797657188,-0.3120941889385205,0.29426132126873084,0.7278769953515576,0.8170905257974999,-0.405886554634455,0.29483702191447747,weight_decay=0.1
0.35,occupation,same_time,ridge,6,"[20260802, 777, 6]",2500,5000,2,0.3556600599995856,0.4627515041896775,-0.7168574883152465,0.07628356804275618,0.35937100867512184,0.4633807981358453,-0.6822838614856259,0.07960156039664848,cv-alpha
0.35,occupation,same_time,gp,6,"[20260802, 777, 6]",2500,5000,2,0.3558690834468109,0.4729401660247289,-0.8165942390400556,0.07828167703460441,0.35937100867512184,0.4633807981358453,-0.6822838614856259,0.07960156039664848,reg=0.01
0.35,occupation,same_time,mlp,6,"[20260802, 777, 6]",2500,5000,2,0.358632830441442,0.46522570361631044,-0.7088915443575021,0.07893039739794266,0.35937100867512184,0.4633807981358453,-0.6822838614856259,0.07960156039664848,weight_decay=0.001
0.35,occupation,dispersed,ridge,6,"[20260802, 777, 6]",2500,5000,2,0.683458837196118,0.7846973094010095,-0.3304413751457318,0.22063776097696525,0.6943413975234626,0.7965426729011349,-0.3292012592376421,0.23214249758169425,cv-alpha
0.35,occupation,dispersed,gp,6,"[20260802, 777, 6]",2500,5000,2,0.6869232633235054,0.7849061675061425,-0.2943725345386734,0.22902155831138646,0.6943413975234626,0.7965426729011349,-0.3292012592376421,0.23214249758169425,reg=3
0.35,occupation,dispersed,mlp,6,"[20260802, 777, 6]",2500,5000,2,0.6915070418451388,0.7923511836843956,-0.31844396390812735,0.22930349018968232,0.6943413975234626,0.7965426729011349,-0.3292012592376421,0.23214249758169425,weight_decay=0.01
0.35,mean,same_time,ridge,6,"[20260802, 777, 6]",2500,5000,2,0.37259442850212954,0.4734048746364762,-0.8763503449183383,0.09291768373611822,0.3732164067248903,0.4767721722735454,-0.9097402421048035,0.09291768373611822,cv-alpha
0.35,mean,same_time,gp,6,"[20260802, 777, 6]",2500,5000,2,0.36956876336469224,0.47596008600890516,-0.9485177192275946,0.09098983567824222,0.3732164067248903,0.4767721722735454,-0.9097402421048035,0.09291768373611822,reg=0.3
0.35,mean,same_time,mlp,6,"[20260802, 777, 6]",2500,5000,2,0.371730377925657,0.4727503927178984,-0.879810750237666,0.0917166658203342,0.3732164067248903,0.4767721722735454,-0.9097402421048035,0.09291768373611822,weight_decay=0.001
0.35,mean,dispersed,ridge,6,"[20260802, 777, 6]",2500,5000,2,0.7298732995980891,0.8150248625640205,-0.3250729246568387,0.2856641677458946,0.7305559015544992,0.8190928592083638,-0.36633211706392954,0.2853140838771948,cv-alpha
0.35,mean,dispersed,gp,6,"[20260802, 777, 6]",2500,5000,2,0.7156967649813948,0.8014218015401804,-0.34635424725885344,0.276108760697025,0.7305559015544992,0.8190928592083638,-0.36633211706392954,0.2853140838771948,reg=1
0.35,mean,dispersed,mlp,6,"[20260802, 777, 6]",2500,5000,2,0.727140446712967,0.8058085794734717,-0.24748229342491945,0.2858787376598931,0.7305559015544992,0.8190928592083638,-0.36633211706392954,0.2853140838771948,weight_decay=0.1
0.35,occupation,same_time,ridge,7,"[20260802, 777, 7]",2500,5000,2,0.34881016321174074,0.45875511085299836,-0.8080244135073316,0.06739676574279982,0.35216555772383795,0.4585839699999308,-0.7675630115436074,0.07158537763545951,cv-alpha
0.35,occupation,same_time,gp,7,"[20260802, 777, 7]",2500,5000,2,0.3466155342645306,0.44974265927910473,-0.7384822949123069,0.06971571934462797,0.35216555772383795,0.4585839699999308,-0.7675630115436074,0.07158537763545951,reg=0.01
0.35,occupation,same_time,mlp,7,"[20260802, 777, 7]",2500,5000,2,0.351364437964765,0.45839175238183894,-0.7747709655014083,0.07215046169506026,0.35216555772383795,0.4585839699999308,-0.7675630115436074,0.07158537763545951,weight_decay=0.1
0.35,occupation,dispersed,ridge,7,"[20260802, 777, 7]",2500,5000,2,0.6973294387977171,0.7918908260088972,-0.2976401773173549,0.22678328460687097,0.7107907757695222,0.8053396614646692,-0.28404730009455403,0.24444603638132092,cv-alpha
0.35,occupation,dispersed,gp,7,"[20260802, 777, 7]",2500,5000,2,0.7044694029375522,0.799494334121039,-0.29537759687271103,0.2415054279406171,0.7107907757695222,0.8053396614646692,-0.28404730009455403,0.24444603638132092,reg=3
0.35,occupation,dispersed,mlp,7,"[20260802, 777, 7]",2500,5000,2,0.70894829304526,0.8035226584292015,-0.286157878676188,0.24011876652735015,0.7107907757695222,0.8053396614646692,-0.28404730009455403,0.24444603638132092,weight_decay=0.01
0.35,mean,same_time,ridge,7,"[20260802, 777, 7]",2500,5000,2,0.37212138162349373,0.47763338273664135,-0.9862254020085268,0.09072408895408834,0.3722614302696051,0.4738125592206045,-0.9350936376801211,0.09072408895408839,cv-alpha
0.35,mean,same_time,gp,7,"[20260802, 777, 7]",2500,5000,2,0.3478690647754048,0.42877057188363044,-0.6936456521485628,0.08376773237371439,0.3722614302696051,0.4738125592206045,-0.9350936376801211,0.09072408895408839,reg=30
0.35,mean,same_time,mlp,7,"[20260802, 777, 7]",2500,5000,2,0.3701228728332856,0.47664900964778323,-1.0012797523481543,0.08949859263377054,0.3722614302696051,0.4738125592206045,-0.9350936376801211,0.09072408895408839,weight_decay=0.001
0.35,mean,dispersed,ridge,7,"[20260802, 777, 7]",2500,5000,2,0.7364352198742372,0.8271099221566766,-0.4308982483827215,0.2873674534276828,0.737024688136751,0.8263340272370263,-0.41273128497827316,0.287263444603793,cv-alpha
0.35,mean,dispersed,gp,7,"[20260802, 777, 7]",2500,5000,2,0.7231694081176201,0.8095409929724988,-0.38876632665260713,0.2772620860793878,0.737024688136751,0.8263340272370263,-0.41273128497827316,0.287263444603793,reg=1
0.35,mean,dispersed,mlp,7,"[20260802, 777, 7]",2500,5000,2,0.7342549085065502,0.8251541438793635,-0.4359691674339965,0.28550756412951045,0.737024688136751,0.8263340272370263,-0.41273128497827316,0.287263444603793,weight_decay=0.01
0.35,occupation,same_time,ridge,8,"[20260802, 777, 8]",2500,5000,2,0.33528779850801915,0.44735644348130066,-0.7719695579092123,0.06006479573646987,0.3378969530850561,0.45005456922658815,-0.7702394536729533,0.06366734138539237,cv-alpha
0.35,occupation,same_time,gp,8,"[20260802, 777, 8]",2500,5000,2,0.3335547932513816,0.45097564252636135,-0.8265832559547754,0.06165574254268012,0.3378969530850561,0.45005456922658815,-0.7702394536729533,0.06366734138539237,reg=1
0.35,occupation,same_time,mlp,8,"[20260802, 777, 8]",2500,5000,2,0.3369654935355898,0.4489020287687471,-0.7689865960816198,0.06456095450738178,0.3378969530850561,0.45005456922658815,-0.7702394536729533,0.06366734138539237,weight_decay=0.001
0.35,occupation,dispersed,ridge,8,"[20260802, 777, 8]",2500,5000,2,0.6864819127123833,0.7835793094634522,-0.2728569538119314,0.2467727680777515,0.6978979842640514,0.7968780376545012,-0.2800418514614085,0.2626888469453444,cv-alpha
0.35,occupation,dispersed,gp,8,"[20260802, 777, 8]",2500,5000,2,0.6886793228007753,0.7813194250406719,-0.22662071253761518,0.2592797264348533,0.6978979842640514,0.7968780376545012,-0.2800418514614085,0.2626888469453444,reg=3
0.35,occupation,dispersed,mlp,8,"[20260802, 777, 8]",2500,5000,2,0.6960631826112781,0.7942592578307514,-0.2741308148621784,0.2593615301291605,0.6978979842640514,0.7968780376545012,-0.2800418514614085,0.2626888469453444,weight_decay=0.01
0.35,mean,same_time,ridge,8,"[20260802, 777, 8]",2500,5000,2,0.3582228129477576,0.4704559992854679,-0.9878267486426802,0.0867633682064845,0.35861793371891126,0.4680424103390902,-0.9537458473347278,0.08676336820648446,cv-alpha
0.35,mean,same_time,gp,8,"[20260802, 777, 8]",2500,5000,2,0.354341055935512,0.46413131659536633,-0.9624096935568562,0.08481548007998205,0.35861793371891126,0.4680424103390902,-0.9537458473347278,0.08676336820648446,reg=3
0.35,mean,same_time,mlp,8,"[20260802, 777, 8]",2500,5000,2,0.3580617339733727,0.46863320976501566,-0.9680583858448784,0.08696610283584498,0.35861793371891126,0.4680424103390902,-0.9537458473347278,0.08676336820648446,weight_decay=0.01
0.35,mean,dispersed,ridge,8,"[20260802, 777, 8]",2500,5000,2,0.7162273671964413,0.8105676265550196,-0.4152264290794552,0.30108975649049796,0.7174885594068529,0.8106686972458299,-0.4000515174620938,0.30173172230325845,cv-alpha
0.35,mean,dispersed,gp,8,"[20260802, 777, 8]",2500,5000,2,0.7064132172654698,0.80221311122683,-0.44254645745216536,0.2899480791739494,0.7174885594068529,0.8106686972458299,-0.4000515174620938,0.30173172230325845,reg=1
0.35,mean,dispersed,mlp,8,"[20260802, 777, 8]",2500,5000,2,0.7164820198814084,0.8100821675600355,-0.4060953733016581,0.30122504600653816,0.7174885594068529,0.8106686972458299,-0.4000515174620938,0.30173172230325845,weight_decay=0.01
0.35,occupation,same_time,ridge,9,"[20260802, 777, 9]",2500,5000,2,0.3570626183558414,0.45948340949837463,-0.6662435419152302,0.06757156829043928,0.3593009390582256,0.46523395217843244,-0.6990965180667361,0.07030498158058117,cv-alpha
0.35,occupation,same_time,gp,9,"[20260802, 777, 9]",2500,5000,2,0.35476438859001747,0.45684689482950447,-0.66516190103807,0.06807398846849477,0.3593009390582256,0.46523395217843244,-0.6990965180667361,0.07030498158058117,reg=0.1
0.35,occupation,same_time,mlp,9,"[20260802, 777, 9]",2500,5000,2,0.3588913300293005,0.45947908094851975,-0.6461005667839588,0.07013038500203538,0.3593009390582256,0.46523395217843244,-0.6990965180667361,0.07030498158058117,weight_decay=0.01
0.35,occupation,dispersed,ridge,9,"[20260802, 777, 9]",2500,5000,2,0.6840096920977194,0.7784601138422664,-0.2596629483224364,0.2396669223107545,0.6961426184354149,0.791003702145908,-0.25163302602184956,0.25504666162480927,cv-alpha
0.35,occupation,dispersed,gp,9,"[20260802, 777, 9]",2500,5000,2,0.6856951725561848,0.780101352736203,-0.2575354417380522,0.25031947630660395,0.6961426184354149,0.791003702145908,-0.25163302602184956,0.25504666162480927,reg=1
0.35,occupation,dispersed,mlp,9,"[20260802, 777, 9]",2500,5000,2,0.6937050476959047,0.787901289991943,-0.24742803613059738,0.25210850617140595,0.6961426184354149,0.791003702145908,-0.25163302602184956,0.25504666162480927,weight_decay=0.01
0.35,mean,same_time,ridge,9,"[20260802, 777, 9]",2500,5000,2,0.3750208434529293,0.4775016989895835,-0.8404024645154935,0.08814737860604008,0.37505070984770295,0.4809915767577819,-0.8814083452080606,0.08814737860604008,cv-alpha
0.35,mean,same_time,gp,9,"[20260802, 777, 9]",2500,5000,2,0.3726289322177936,0.4772211309173793,-0.8678349131066891,0.088553533910997,0.37505070984770295,0.4809915767577819,-0.8814083452080606,0.08814737860604008,reg=1
0.35,mean,same_time,mlp,9,"[20260802, 777, 9]",2500,5000,2,0.3744042808345196,0.4764522886104714,-0.835885451165937,0.08824151928081188,0.37505070984770295,0.4809915767577819,-0.8814083452080606,0.08814737860604008,weight_decay=0.001
0.35,mean,dispersed,ridge,9,"[20260802, 777, 9]",2500,5000,2,0.723491639642035,0.8146323903491379,-0.3574379850675462,0.29391535511965383,0.7247977927843273,0.8160928333673397,-0.3579617103975006,0.29537377608197385,cv-alpha
0.35,mean,dispersed,gp,9,"[20260802, 777, 9]",2500,5000,2,0.7062578297501546,0.7987921488728135,-0.3911995212810466,0.2831328932685912,0.7247977927843273,0.8160928333673397,-0.3579617103975006,0.29537377608197385,reg=1
0.35,mean,dispersed,mlp,9,"[20260802, 777, 9]",2500,5000,2,0.7217301313873792,0.8052325927760886,-0.26860935507671124,0.2935433899771412,0.7247977927843273,0.8160928333673397,-0.3579617103975006,0.29537377608197385,weight_decay=0.1
