label,budget,method,fold,r2_heldout,selection_score_train,r2_heldout_sd_over_draws,n_test_records,n_train_records,cost_epochs,runtime_s
REM,4,consecutive,0,0.7245881931732914,0.02357506642715965,nan,42,155,4.0,0.0
REM,4,uniform,0,0.6974937888963825,0.16706745444531484,nan,42,155,4.0,0.0
REM,4,random,0,0.7339417044469592,0.13463623830255805,0.031084376864964697,42,155,4.0,0.0
REM,4,imse,0,0.6633736211271473,0.2687928631726492,nan,42,155,4.0,0.06586954100203002
REM,4,kernel_quadrature,0,0.6529618817502996,0.400325715041025,nan,42,155,4.0,0.06021320800209651
REM,4,label_aware,0,0.6599013773563616,0.46748439164461353,nan,42,155,4.0,0.012339833003352396
REM,8,consecutive,0,0.733740378943696,0.04357149088936849,nan,42,155,8.0,0.0
REM,8,uniform,0,0.7237460692877207,0.21512441344723213,nan,42,155,8.0,0.0
REM,8,random,0,0.7309720266564252,0.2081612871888193,0.04556394545863516,42,155,8.0,0.0
REM,8,imse,0,0.6001657917210441,0.5024824981928059,nan,42,155,8.0,0.06586954100203002
REM,8,kernel_quadrature,0,0.5970692066850931,0.625260404368683,nan,42,155,8.0,0.06021320800209651
REM,8,label_aware,0,0.6796330104195476,0.622421277721005,nan,42,155,8.0,0.02884749999793712
REM,16,consecutive,0,0.7428978675168108,0.1319946015399103,nan,42,155,16.0,0.0
REM,16,uniform,0,0.7959354091208907,0.4328676960588601,nan,42,155,16.0,0.0
REM,16,random,0,0.7576234219366682,0.399362154983553,0.039458208228802596,42,155,16.0,0.0
REM,16,imse,0,0.7576861672987913,0.640491925729526,nan,42,155,16.0,0.06586954100203002
REM,16,kernel_quadrature,0,0.7201365039692638,0.7317053753743047,nan,42,155,16.0,0.06021320800209651
REM,16,label_aware,0,0.8170138077367343,0.7901259966018643,nan,42,155,16.0,0.10920762500609271
REM,32,consecutive,0,0.8836557035503263,0.3772204502984881,nan,42,155,32.0,0.0
REM,32,uniform,0,0.8879832486571897,0.6915240625497382,nan,42,155,32.0,0.0
REM,32,random,0,0.781304990955374,0.6581439047945429,0.07903179629969716,42,155,32.0,0.0
REM,32,imse,0,0.8480798387758827,0.8240314245567363,nan,42,155,32.0,0.06586954100203002
REM,32,kernel_quadrature,0,0.8378514969612303,0.8745093016311445,nan,42,155,32.0,0.06021320800209651
REM,32,label_aware,0,0.9005895490052761,0.9095780570573159,nan,42,155,32.0,0.4881355839970638
REM,64,consecutive,0,0.903369798260686,0.8658250401929753,nan,42,155,64.0,0.0
REM,64,uniform,0,0.9077735574728903,0.9145105465273667,nan,42,155,64.0,0.0
REM,64,random,0,0.8618667826884225,0.8673762779787724,0.032852817017299384,42,155,64.0,0.0
REM,64,imse,0,0.963633533946436,0.949664743078112,nan,42,155,64.0,0.06586954100203002
REM,64,kernel_quadrature,0,0.9147129933759256,0.9562352393898981,nan,42,155,64.0,0.06021320800209651
REM,64,label_aware,0,0.9229340501036555,0.9723567577312792,nan,42,155,64.0,0.3060978339999565
REM,4,consecutive,1,0.6896915805716235,0.004894827415846453,nan,41,156,4.0,0.0
REM,4,uniform,1,0.6850227020816131,0.15276226934230877,nan,41,156,4.0,0.0
REM,4,random,1,0.712370834399988,0.1085431719584179,0.03246052722239551,41,156,4.0,0.0
REM,4,imse,1,0.7140950211190632,0.26036058103947063,nan,41,156,4.0,0.0643612089988892
REM,4,kernel_quadrature,1,0.6064022307484627,0.3781091344649692,nan,41,156,4.0,0.06008641599328257
REM,4,label_aware,1,0.7213391293050946,0.39391661727613086,nan,41,156,4.0,0.008382792002521455
REM,8,consecutive,1,0.6934280684194352,0.035281071034707706,nan,41,156,8.0,0.0
REM,8,uniform,1,0.6712480730229959,0.1838690553685745,nan,41,156,8.0,0.0
REM,8,random,1,0.7130456290740599,0.20178328073824203,0.02061284404523339,41,156,8.0,0.0
REM,8,imse,1,0.7510009119545038,0.3797989286849089,nan,41,156,8.0,0.0643612089988892
REM,8,kernel_quadrature,1,0.6973717262252022,0.516396789532436,nan,41,156,8.0,0.06008641599328257
REM,8,label_aware,1,0.7661629207108973,0.6022946582232085,nan,41,156,8.0,0.0018127919975086115
REM,16,consecutive,1,0.7026524009290935,0.11954988311702183,nan,41,156,16.0,0.0
REM,16,uniform,1,0.7462641213170174,0.42580603250660076,nan,41,156,16.0,0.0
REM,16,random,1,0.7441827676486039,0.3989424509113909,0.03362173602851283,41,156,16.0,0.0
REM,16,imse,1,0.8038970381652366,0.5699713621593158,nan,41,156,16.0,0.0643612089988892
REM,16,kernel_quadrature,1,0.741315167350846,0.6932434607813389,nan,41,156,16.0,0.06008641599328257
REM,16,label_aware,1,0.8107460742820836,0.7727093159076438,nan,41,156,16.0,0.002049457994871773
REM,32,consecutive,1,0.7471709285320209,0.5131267126346671,nan,41,156,32.0,0.0
REM,32,uniform,1,0.7940916277321404,0.6628589203839244,nan,41,156,32.0,0.0
REM,32,random,1,0.7725045623300152,0.6140966493853786,0.06229831062873833,41,156,32.0,0.0
REM,32,imse,1,0.8675005427531111,0.8255860594435801,nan,41,156,32.0,0.0643612089988892
REM,32,kernel_quadrature,1,0.8461889006469295,0.8476627068713029,nan,41,156,32.0,0.06008641599328257
REM,32,label_aware,1,0.8304663328904065,0.8968763579976905,nan,41,156,32.0,0.00815850000071805
REM,64,consecutive,1,0.8729914374656084,0.8433986521533529,nan,41,156,64.0,0.0
REM,64,uniform,1,0.9165025554987858,0.8760155999092312,nan,41,156,64.0,0.0
REM,64,random,1,0.863598639205048,0.8411314552125251,0.04301192192003422,41,156,64.0,0.0
REM,64,imse,1,0.9302506950260416,0.931021699719381,nan,41,156,64.0,0.0643612089988892
REM,64,kernel_quadrature,1,0.9113090520508815,0.940381430859709,nan,41,156,64.0,0.06008641599328257
REM,64,label_aware,1,0.9512022579776249,0.9731539179678635,nan,41,156,64.0,0.20642899999802466
REM,4,consecutive,2,-0.16245218254486016,0.05694358644986616,nan,40,157,4.0,0.0
REM,4,uniform,2,0.027509885658623223,0.11266341727976625,nan,40,157,4.0,0.0
REM,4,random,2,-0.03790160799526184,0.09417609390484896,0.0816142570758509,40,157,4.0,0.0
REM,4,imse,2,0.35205137217871874,0.22287856148759297,nan,40,157,4.0,0.06326275000174064
REM,4,kernel_quadrature,2,-0.074041895108383,0.43456660219256577,nan,40,157,4.0,0.06494158299756236
REM,4,label_aware,2,-0.20675260886874636,0.49410486872193404,nan,40,157,4.0,0.02697045799868647
REM,8,consecutive,2,-0.14863840350121316,0.09132281215500432,nan,40,157,8.0,0.0
REM,8,uniform,2,0.08128190376565436,0.1576983706236565,nan,40,157,8.0,0.0
REM,8,random,2,0.06651096932512109,0.22161059167238079,0.07106037105633656,40,157,8.0,0.0
REM,8,imse,2,0.3958392823920446,0.2877924004147254,nan,40,157,8.0,0.06326275000174064
REM,8,kernel_quadrature,2,-0.11902886873644736,0.5485753998949272,nan,40,157,8.0,0.06494158299756236
REM,8,label_aware,2,-0.2691757956811234,0.6441810265093478,nan,40,157,8.0,0.0629203749995213
REM,16,consecutive,2,-0.14934065811360853,0.18295041301120415,nan,40,157,16.0,0.0
REM,16,uniform,2,0.18296549790297523,0.4608214842835399,nan,40,157,16.0,0.0
REM,16,random,2,0.23514541750522966,0.3993266512110909,0.118215652127576,40,157,16.0,0.0
REM,16,imse,2,0.5327046268072597,0.5730120408173662,nan,40,157,16.0,0.06326275000174064
REM,16,kernel_quadrature,2,0.03716597428052704,0.7393756625468579,nan,40,157,16.0,0.06494158299756236
REM,16,label_aware,2,0.04100535910824965,0.8162717092481608,nan,40,157,16.0,0.13738079199538333
REM,32,consecutive,2,0.12547366316577147,0.48880529366038017,nan,40,157,32.0,0.0
REM,32,uniform,2,0.6432976075710151,0.6833651870430419,nan,40,157,32.0,0.0
REM,32,random,2,0.34145476330295615,0.6544184878092936,0.1453095322766745,40,157,32.0,0.0
REM,32,imse,2,0.6610067778208161,0.7771252720734815,nan,40,157,32.0,0.06326275000174064
REM,32,kernel_quadrature,2,0.30045823575288333,0.8879548330314438,nan,40,157,32.0,0.06494158299756236
REM,32,label_aware,2,0.429674590144706,0.9260027787572273,nan,40,157,32.0,0.114016667001124
REM,64,consecutive,2,0.5265111871262262,0.8866660593782757,nan,40,157,64.0,0.0
REM,64,uniform,2,0.6778325847213654,0.911435914734525,nan,40,157,64.0,0.0
REM,64,random,2,0.6129595179339109,0.862149486827413,0.11948972755648249,40,157,64.0,0.0
REM,64,imse,2,0.8265101850540777,0.9501266907676978,nan,40,157,64.0,0.06326275000174064
REM,64,kernel_quadrature,2,0.7769856486246571,0.957676378795719,nan,40,157,64.0,0.06494158299756236
REM,64,label_aware,2,0.7624629642236074,0.974299330445797,nan,40,157,64.0,1.3839089999964926
REM,4,consecutive,3,0.5764930168373807,0.06820112474970867,nan,37,160,4.0,0.0
REM,4,uniform,3,0.6917818399669504,0.11272960280075954,nan,37,160,4.0,0.0
REM,4,random,3,0.6223218171792932,0.12311264786841995,0.07143489768707738,37,160,4.0,0.0
REM,4,imse,3,0.6362299625908556,0.26363225802934054,nan,37,160,4.0,0.06304900000395719
REM,4,kernel_quadrature,3,0.3761604135191208,0.39165041030854886,nan,37,160,4.0,0.05903250000119442
REM,4,label_aware,3,0.5037777604718818,0.4152479533422836,nan,37,160,4.0,0.01163408299908042
REM,8,consecutive,3,0.5604722840556757,0.11260482450803559,nan,37,160,8.0,0.0
REM,8,uniform,3,0.42581368965296085,0.29188445388130063,nan,37,160,8.0,0.0
REM,8,random,3,0.634693107842925,0.22998967425012914,0.06695713582391875,37,160,8.0,0.0
REM,8,imse,3,0.5465292264642431,0.473802373291738,nan,37,160,8.0,0.06304900000395719
REM,8,kernel_quadrature,3,0.25871368852670684,0.5359881607923701,nan,37,160,8.0,0.05903250000119442
REM,8,label_aware,3,0.5374753195799715,0.6239008309452532,nan,37,160,8.0,0.01731433399982052
REM,16,consecutive,3,0.5692875378311402,0.18682564836273186,nan,37,160,16.0,0.0
REM,16,uniform,3,0.5776645606998162,0.5076759474256048,nan,37,160,16.0,0.0
REM,16,random,3,0.6518225634029938,0.4555635141641365,0.060677313661615814,37,160,16.0,0.0
REM,16,imse,3,0.6723593186072383,0.6280312871944825,nan,37,160,16.0,0.06304900000395719
REM,16,kernel_quadrature,3,0.2334296926481313,0.7705456569721296,nan,37,160,16.0,0.05903250000119442
REM,16,label_aware,3,0.6279590866196945,0.7883088557186543,nan,37,160,16.0,0.018364957999438047
REM,32,consecutive,3,0.6104340348302388,0.5229923832969008,nan,37,160,32.0,0.0
REM,32,uniform,3,0.6210074595163331,0.7712262060581788,nan,37,160,32.0,0.0
REM,32,random,3,0.704404782538621,0.6730559877119566,0.06406687970409959,37,160,32.0,0.0
REM,32,imse,3,0.8048451684807167,0.825159739216382,nan,37,160,32.0,0.06304900000395719
REM,32,kernel_quadrature,3,0.6417024206306403,0.8915689019333494,nan,37,160,32.0,0.05903250000119442
REM,32,label_aware,3,0.7483691713244768,0.9067360386903802,nan,37,160,32.0,0.038308333001623396
REM,64,consecutive,3,0.8185902035701349,0.8778087905990452,nan,37,160,64.0,0.0
REM,64,uniform,3,0.8943655446567828,0.9125257438108975,nan,37,160,64.0,0.0
REM,64,random,3,0.7851185533650847,0.8723284852251642,0.05427097116336262,37,160,64.0,0.0
REM,64,imse,3,0.873381322136886,0.9489705194067722,nan,37,160,64.0,0.06304900000395719
REM,64,kernel_quadrature,3,0.8676516319459403,0.963087479557179,nan,37,160,64.0,0.05903250000119442
REM,64,label_aware,3,0.8036459913310208,0.9724408979531709,nan,37,160,64.0,0.060828417001175694
REM,4,consecutive,4,0.7774678631166323,0.049261617577656146,nan,37,160,4.0,0.0
REM,4,uniform,4,0.8106787893807944,0.11719824144187616,nan,37,160,4.0,0.0
REM,4,random,4,0.7855439411428787,0.12533919031877588,0.03475142159001142,37,160,4.0,0.0
REM,4,imse,4,0.7171755847272104,0.3364360929710334,nan,37,160,4.0,0.10041008300322574
REM,4,kernel_quadrature,4,0.7050185602146506,0.4337395887330453,nan,37,160,4.0,0.06250833399826661
REM,4,label_aware,4,0.6540622396841382,0.4303975011168232,nan,37,160,4.0,0.011960707997786812
REM,8,consecutive,4,0.7789897396410912,0.08352127780054336,nan,37,160,8.0,0.0
REM,8,uniform,4,0.8007081106085012,0.18091577945380594,nan,37,160,8.0,0.0
REM,8,random,4,0.7980820664684493,0.2264250569097733,0.025413301247326017,37,160,8.0,0.0
REM,8,imse,4,0.7878904962550232,0.46365081637806627,nan,37,160,8.0,0.10041008300322574
REM,8,kernel_quadrature,4,0.7364181397457825,0.5468479991394217,nan,37,160,8.0,0.06250833399826661
REM,8,label_aware,4,0.7697512039339873,0.6368144890725761,nan,37,160,8.0,0.05601254200155381
REM,16,consecutive,4,0.7965086776821177,0.14457315491106465,nan,37,160,16.0,0.0
REM,16,uniform,4,0.8639639851458619,0.4296480162778892,nan,37,160,16.0,0.0
REM,16,random,4,0.7961792736487324,0.39702576446268034,0.03910159899300387,37,160,16.0,0.0
REM,16,imse,4,0.7890792725121869,0.6389990281157347,nan,37,160,16.0,0.10041008300322574
REM,16,kernel_quadrature,4,0.829077912170718,0.7301970982062139,nan,37,160,16.0,0.06250833399826661
REM,16,label_aware,4,0.6130988297952373,0.8356664236623882,nan,37,160,16.0,0.19728629099699901
REM,32,consecutive,4,0.8220036437401078,0.4942004411437899,nan,37,160,32.0,0.0
REM,32,uniform,4,0.8864763819945531,0.7115989309047629,nan,37,160,32.0,0.0
REM,32,random,4,0.8318652022959233,0.647482502353173,0.06377547898445254,37,160,32.0,0.0
REM,32,imse,4,0.901821995905136,0.8466393786924006,nan,37,160,32.0,0.10041008300322574
REM,32,kernel_quadrature,4,0.8936603331395558,0.8785163865666769,nan,37,160,32.0,0.06250833399826661
REM,32,label_aware,4,0.6683744663869825,0.9300078939406194,nan,37,160,32.0,0.11398758400173392
REM,64,consecutive,4,0.9408304809530817,0.8594024818865644,nan,37,160,64.0,0.0
REM,64,uniform,4,0.8693508699498064,0.9062743632863901,nan,37,160,64.0,0.0
REM,64,random,4,0.8734907167077088,0.8600724251623418,0.025727144379734473,37,160,64.0,0.0
REM,64,imse,4,0.8928098614264426,0.9497484519261873,nan,37,160,64.0,0.10041008300322574
REM,64,kernel_quadrature,4,0.9014270766930258,0.9580150305550172,nan,37,160,64.0,0.06250833399826661
REM,64,label_aware,4,0.7984030854796815,0.9749647511267646,nan,37,160,64.0,0.22342270799708785
N3,4,consecutive,0,0.46239263597039215,0.23082964958153482,nan,42,155,4.0,0.0
N3,4,uniform,0,0.39183752695032215,0.14689694714951937,nan,42,155,4.0,0.0
N3,4,random,0,0.49636193307279974,0.22155635797465428,0.0667527189104158,42,155,4.0,0.0
N3,4,imse,0,0.5938408926736036,0.50892609407269,nan,42,155,4.0,0.06493416699959198
N3,4,kernel_quadrature,0,0.3585200435921314,0.5174612827784297,nan,42,155,4.0,0.06314520799787715
N3,4,label_aware,0,0.7113271411386035,0.5575213777274597,nan,42,155,4.0,0.015689083003962878
N3,8,consecutive,0,0.5282453415675084,0.29100303822915347,nan,42,155,8.0,0.0
N3,8,uniform,0,0.6394519556643378,0.37264932149907554,nan,42,155,8.0,0.0
N3,8,random,0,0.5931836638211154,0.341173056528675,0.10129418871318584,42,155,8.0,0.0
N3,8,imse,0,0.7382804874371619,0.5500541041613998,nan,42,155,8.0,0.06493416699959198
N3,8,kernel_quadrature,0,0.5309278695139033,0.6610654253935299,nan,42,155,8.0,0.06314520799787715
N3,8,label_aware,0,0.8130849848417729,0.757686717541202,nan,42,155,8.0,0.03494858400517842
N3,16,consecutive,0,0.55250466615276,0.3795441934515071,nan,42,155,16.0,0.0
N3,16,uniform,0,0.7630984097572394,0.6636800022119018,nan,42,155,16.0,0.0
N3,16,random,0,0.6709409620436985,0.5714938365686089,0.09661410967840343,42,155,16.0,0.0
N3,16,imse,0,0.8301564785397265,0.7948695497852496,nan,42,155,16.0,0.06493416699959198
N3,16,kernel_quadrature,0,0.8529614856431763,0.846968718291583,nan,42,155,16.0,0.06314520799787715
N3,16,label_aware,0,0.8677280347362909,0.9026338527329564,nan,42,155,16.0,0.12210625000443542
N3,32,consecutive,0,0.6889321604760006,0.5764722859930879,nan,42,155,32.0,0.0
N3,32,uniform,0,0.8584863751337777,0.8606679333088343,nan,42,155,32.0,0.0
N3,32,random,0,0.8076955008580209,0.79549238420828,0.05716255140840734,42,155,32.0,0.0
N3,32,imse,0,0.9079301598493686,0.9152434068928036,nan,42,155,32.0,0.06493416699959198
N3,32,kernel_quadrature,0,0.9414132908304651,0.9257852492356177,nan,42,155,32.0,0.06314520799787715
N3,32,label_aware,0,0.9425692721232566,0.9690757140348409,nan,42,155,32.0,0.32608395900024334
N3,64,consecutive,0,0.9091354227632462,0.8927093546746804,nan,42,155,64.0,0.0
N3,64,uniform,0,0.9233509679052758,0.964985719854779,nan,42,155,64.0,0.0
N3,64,random,0,0.9013092844683037,0.932161172398903,0.028722441525194452,42,155,64.0,0.0
N3,64,imse,0,0.9287920135790807,0.9760387487550363,nan,42,155,64.0,0.06493416699959198
N3,64,kernel_quadrature,0,0.9658283993041551,0.9745296725912083,nan,42,155,64.0,0.06314520799787715
N3,64,label_aware,0,0.9378287502938211,0.9907250825865127,nan,42,155,64.0,0.16627916599827586
N3,4,consecutive,1,0.6759844201576432,0.1756481770922292,nan,41,156,4.0,0.0
N3,4,uniform,1,0.5917112687329099,0.05313687640345987,nan,41,156,4.0,0.0
N3,4,random,1,0.6108483411968607,0.1951847707505235,0.06107701070442057,41,156,4.0,0.0
N3,4,imse,1,0.5339114200004602,0.5519690697735995,nan,41,156,4.0,0.06518887499987613
N3,4,kernel_quadrature,1,0.5444214883344134,0.5421796690760814,nan,41,156,4.0,0.06330366699694423
N3,4,label_aware,1,0.6609368290836635,0.6172588565982948,nan,41,156,4.0,0.013932917005149648
N3,8,consecutive,1,0.7273111547833458,0.22675778962659407,nan,41,156,8.0,0.0
N3,8,uniform,1,0.5505785646516677,0.45035986996750316,nan,41,156,8.0,0.0
N3,8,random,1,0.6568324681667922,0.3776978422424756,0.07226854548726278,41,156,8.0,0.0
N3,8,imse,1,0.6126109722815929,0.5669346160889649,nan,41,156,8.0,0.06518887499987613
N3,8,kernel_quadrature,1,0.7263189637490117,0.706856784084626,nan,41,156,8.0,0.06330366699694423
N3,8,label_aware,1,0.7488372654283604,0.7844617073881224,nan,41,156,8.0,0.042577457999868784
N3,16,consecutive,1,0.7324630931955975,0.3193511496687162,nan,41,156,16.0,0.0
N3,16,uniform,1,0.7415480019262045,0.6294227273931566,nan,41,156,16.0,0.0
N3,16,random,1,0.716599872025397,0.5812808812631002,0.07616446329574189,41,156,16.0,0.0
N3,16,imse,1,0.7099761753006439,0.7763791208599031,nan,41,156,16.0,0.06518887499987613
N3,16,kernel_quadrature,1,0.7222466920767059,0.8726449330646378,nan,41,156,16.0,0.06330366699694423
N3,16,label_aware,1,0.8529831258322895,0.916996949488776,nan,41,156,16.0,0.22922495799866738
N3,32,consecutive,1,0.7577555796137305,0.5647266616261084,nan,41,156,32.0,0.0
N3,32,uniform,1,0.8984363429215501,0.8530463321623413,nan,41,156,32.0,0.0
N3,32,random,1,0.8198461944819802,0.8031232662004484,0.0481183012245026,41,156,32.0,0.0
N3,32,imse,1,0.8497650264413497,0.9373166268337588,nan,41,156,32.0,0.06518887499987613
N3,32,kernel_quadrature,1,0.8089183226110979,0.9351497065096236,nan,41,156,32.0,0.06330366699694423
N3,32,label_aware,1,0.9047302340567728,0.9682379671884924,nan,41,156,32.0,0.017425084006390534
N3,64,consecutive,1,0.8353984934178601,0.9191442303966673,nan,41,156,64.0,0.0
N3,64,uniform,1,0.9483296537056518,0.9598892871378083,nan,41,156,64.0,0.0
N3,64,random,1,0.9151613484169628,0.937156504076355,0.02194168660500349,41,156,64.0,0.0
N3,64,imse,1,0.9253437908205104,0.9724817030090683,nan,41,156,64.0,0.06518887499987613
N3,64,kernel_quadrature,1,0.9218004870416027,0.9775165049842014,nan,41,156,64.0,0.06330366699694423
N3,64,label_aware,1,0.9284109139915709,0.987669377851174,nan,41,156,64.0,0.5794602089954424
N3,4,consecutive,2,0.6003143300266429,0.19571391500946198,nan,40,157,4.0,0.0
N3,4,uniform,2,0.5007989837387319,0.14944216778223893,nan,40,157,4.0,0.0
N3,4,random,2,0.5265964761969053,0.20843459566548952,0.07802721729003548,40,157,4.0,0.0
N3,4,imse,2,0.5303961344365196,0.46315124528407997,nan,40,157,4.0,0.06387095799436793
N3,4,kernel_quadrature,2,0.5909023106235471,0.5691081032987878,nan,40,157,4.0,0.0919426249965909
N3,4,label_aware,2,0.6434303363446431,0.6184604483548358,nan,40,157,4.0,0.017996750000747852
N3,8,consecutive,2,0.5541600733913095,0.322404594876342,nan,40,157,8.0,0.0
N3,8,uniform,2,0.5994887730823013,0.4659104939550925,nan,40,157,8.0,0.0
N3,8,random,2,0.5681677593518302,0.40205112058788384,0.11841387513245781,40,157,8.0,0.0
N3,8,imse,2,0.6245958613752242,0.5829906383133132,nan,40,157,8.0,0.06387095799436793
N3,8,kernel_quadrature,2,0.7305101785970399,0.7415450511710634,nan,40,157,8.0,0.0919426249965909
N3,8,label_aware,2,0.793345897862043,0.7832986908137439,nan,40,157,8.0,0.03758675000426592
N3,16,consecutive,2,0.6184907192220721,0.3770311952328596,nan,40,157,16.0,0.0
N3,16,uniform,2,0.7495656756163795,0.6501580974763771,nan,40,157,16.0,0.0
N3,16,random,2,0.6922360958289276,0.6329825485776193,0.08944051134530132,40,157,16.0,0.0
N3,16,imse,2,0.6455531402923492,0.7869403854761315,nan,40,157,16.0,0.06387095799436793
N3,16,kernel_quadrature,2,0.7644838044967854,0.8749033886254683,nan,40,157,16.0,0.0919426249965909
N3,16,label_aware,2,0.8287788956229342,0.9086316685705441,nan,40,157,16.0,0.12092649999976857
N3,32,consecutive,2,0.6817386863134359,0.6009145531002961,nan,40,157,32.0,0.0
N3,32,uniform,2,0.8749210766438603,0.8599411849722847,nan,40,157,32.0,0.0
N3,32,random,2,0.7510068950709876,0.8021110177603085,0.16697500634489146,40,157,32.0,0.0
N3,32,imse,2,0.8093792770511137,0.8925187115064638,nan,40,157,32.0,0.06387095799436793
N3,32,kernel_quadrature,2,0.8042745588520834,0.9501171856453587,nan,40,157,32.0,0.0919426249965909
N3,32,label_aware,2,0.9081257007216799,0.9731437895019702,nan,40,157,32.0,0.37039350000122795
N3,64,consecutive,2,0.8486577435188446,0.9018906502165773,nan,40,157,64.0,0.0
N3,64,uniform,2,0.9444394777214723,0.9612837419267395,nan,40,157,64.0,0.0
N3,64,random,2,0.8920917157528784,0.9375253719123879,0.03198867422065729,40,157,64.0,0.0
N3,64,imse,2,0.9103225896610054,0.9699372523201292,nan,40,157,64.0,0.06387095799436793
N3,64,kernel_quadrature,2,0.9212524855442021,0.9817216270387421,nan,40,157,64.0,0.0919426249965909
N3,64,label_aware,2,0.9213958752409582,0.9894675383990584,nan,40,157,64.0,0.09486154099431587
N3,4,consecutive,3,-0.18252072865338076,0.23058398689969428,nan,37,160,4.0,0.0
N3,4,uniform,3,-0.20019095620239136,0.09298980359669225,nan,37,160,4.0,0.0
N3,4,random,3,-0.08150581291284181,0.19147629559443838,0.22079977720426114,37,160,4.0,0.0
N3,4,imse,3,0.20186332959448894,0.4335584481274607,nan,37,160,4.0,0.07888174999970943
N3,4,kernel_quadrature,3,0.4360795163543557,0.5111915640828802,nan,37,160,4.0,0.07043520799925318
N3,4,label_aware,3,0.41950355094469216,0.5561942451516119,nan,37,160,4.0,0.012142042003688402
N3,8,consecutive,3,-0.046121347807128954,0.3012529811921264,nan,37,160,8.0,0.0
N3,8,uniform,3,0.22388359868919816,0.39171094178662696,nan,37,160,8.0,0.0
N3,8,random,3,0.12098341553912646,0.36531156491563777,0.1408994919195258,37,160,8.0,0.0
N3,8,imse,3,0.4229706662707643,0.5814583474839071,nan,37,160,8.0,0.07888174999970943
N3,8,kernel_quadrature,3,0.4161442909773999,0.714967130265189,nan,37,160,8.0,0.07043520799925318
N3,8,label_aware,3,0.6617036347684485,0.7554539970942945,nan,37,160,8.0,0.04190833299799124
N3,16,consecutive,3,-0.12094420154673124,0.39620653163329655,nan,37,160,16.0,0.0
N3,16,uniform,3,0.42847332379854486,0.6767973503156552,nan,37,160,16.0,0.0
N3,16,random,3,0.4074167308688586,0.5410182618983327,0.16665628074849997,37,160,16.0,0.0
N3,16,imse,3,0.6805338940454623,0.798663055081115,nan,37,160,16.0,0.07888174999970943
N3,16,kernel_quadrature,3,0.6519474572643004,0.8582863693223715,nan,37,160,16.0,0.07043520799925318
N3,16,label_aware,3,0.7915919089952701,0.9096117318210815,nan,37,160,16.0,0.017339875004836358
N3,32,consecutive,3,-0.013135845213318786,0.61435423881589,nan,37,160,32.0,0.0
N3,32,uniform,3,0.6999294988863216,0.8564831649037318,nan,37,160,32.0,0.0
N3,32,random,3,0.6048328485031217,0.7741229618459501,0.16654005602610494,37,160,32.0,0.0
N3,32,imse,3,0.7550893152402947,0.9271543206867473,nan,37,160,32.0,0.07888174999970943
N3,32,kernel_quadrature,3,0.7846970055433408,0.9265409849541417,nan,37,160,32.0,0.07043520799925318
N3,32,label_aware,3,0.8951076346821711,0.9720675385232912,nan,37,160,32.0,0.08369604100153083
N3,64,consecutive,3,0.7199836164088819,0.8903396207632048,nan,37,160,64.0,0.0
N3,64,uniform,3,0.8363759018077528,0.9597976451381851,nan,37,160,64.0,0.0
N3,64,random,3,0.8488186656710465,0.9344509731952707,0.0582910102505552,37,160,64.0,0.0
N3,64,imse,3,0.9194595650014439,0.978366151364737,nan,37,160,64.0,0.07888174999970943
N3,64,kernel_quadrature,3,0.8923415067809408,0.9710875552490106,nan,37,160,64.0,0.07043520799925318
N3,64,label_aware,3,0.8627487326485184,0.9898757884482924,nan,37,160,64.0,0.16748545800510328
N3,4,consecutive,4,0.7628928618928652,0.2413570901376456,nan,37,160,4.0,0.0
N3,4,uniform,4,0.7776468517888107,0.1354570605044978,nan,37,160,4.0,0.0
N3,4,random,4,0.7578375152125522,0.23059236592915644,0.05284863383811552,37,160,4.0,0.0
N3,4,imse,4,0.8200036207500326,0.44156678315748277,nan,37,160,4.0,0.05807620900304755
N3,4,kernel_quadrature,4,0.6439033261929561,0.5174481589852734,nan,37,160,4.0,0.05858062500192318
N3,4,label_aware,4,0.5008459895520871,0.619480575901531,nan,37,160,4.0,0.0178978339972673
N3,8,consecutive,4,0.7262485223992592,0.3654712966976377,nan,37,160,8.0,0.0
N3,8,uniform,4,0.8894040481570469,0.4140166050692402,nan,37,160,8.0,0.0
N3,8,random,4,0.7798248694548252,0.41565320411127493,0.08128781847498105,37,160,8.0,0.0
N3,8,imse,4,0.8568661655935934,0.6053407204773249,nan,37,160,8.0,0.05807620900304755
N3,8,kernel_quadrature,4,0.7631605345731949,0.7224813886994196,nan,37,160,8.0,0.05858062500192318
N3,8,label_aware,4,0.5828901892547893,0.7799888836100238,nan,37,160,8.0,0.05360274999839021
N3,16,consecutive,4,0.7129555939607922,0.41766331612087626,nan,37,160,16.0,0.0
N3,16,uniform,4,0.8533183392653634,0.6752909491082697,nan,37,160,16.0,0.0
N3,16,random,4,0.8224305716107319,0.6496798140019973,0.0646033882884418,37,160,16.0,0.0
N3,16,imse,4,0.8621209915921056,0.7608905428733728,nan,37,160,16.0,0.05807620900304755
N3,16,kernel_quadrature,4,0.8428280165718008,0.8434598326809446,nan,37,160,16.0,0.05858062500192318
N3,16,label_aware,4,0.807185992277994,0.9308961363730162,nan,37,160,16.0,0.041702583999722265
N3,32,consecutive,4,0.8530125150628708,0.5887799166976558,nan,37,160,32.0,0.0
N3,32,uniform,4,0.9284592592387848,0.8656903730747817,nan,37,160,32.0,0.0
N3,32,random,4,0.8731651026951835,0.8391388214976351,0.03028400649596931,37,160,32.0,0.0
N3,32,imse,4,0.927940224747585,0.9079879030353786,nan,37,160,32.0,0.05807620900304755
N3,32,kernel_quadrature,4,0.880713731579943,0.9458820098492358,nan,37,160,32.0,0.05858062500192318
N3,32,label_aware,4,0.8761563877915699,0.9775877106778202,nan,37,160,32.0,0.004889125004410744
N3,64,consecutive,4,0.9267772267114287,0.9021737058591417,nan,37,160,64.0,0.0
N3,64,uniform,4,0.9641341117269037,0.963857963908205,nan,37,160,64.0,0.0
N3,64,random,4,0.9270024910714454,0.943497337312091,0.022981011045266838,37,160,64.0,0.0
N3,64,imse,4,0.9585999513990799,0.9728655558673488,nan,37,160,64.0,0.05807620900304755
N3,64,kernel_quadrature,4,0.9421492287314934,0.9771972151118149,nan,37,160,64.0,0.05858062500192318
N3,64,label_aware,4,0.910745520641797,0.9918933229260923,nan,37,160,64.0,0.013162082999770064
wake,4,consecutive,0,0.9701085288749386,0.04151380027687664,nan,42,155,4.0,0.0
wake,4,uniform,0,0.9628387538629417,0.3308454849112354,nan,42,155,4.0,0.0
wake,4,random,0,0.9728887896740328,0.1723623504147465,0.0031485959770124862,42,155,4.0,0.0
wake,4,imse,0,0.9737169281531479,0.2252453849125591,nan,42,155,4.0,0.05514837500231806
wake,4,kernel_quadrature,0,0.9748356365168911,0.39115192539673216,nan,42,155,4.0,0.050989041999855544
wake,4,label_aware,0,0.9728408114734365,0.4179534595835418,nan,42,155,4.0,0.016518374999577645
wake,8,consecutive,0,0.9702377168004586,0.0749082329720824,nan,42,155,8.0,0.0
wake,8,uniform,0,0.9683597691147964,0.36661652551371826,nan,42,155,8.0,0.0
wake,8,random,0,0.9746592182504384,0.30958640829186834,0.003366409633115374,42,155,8.0,0.0
wake,8,imse,0,0.9809637984814293,0.4807915538364694,nan,42,155,8.0,0.05514837500231806
wake,8,kernel_quadrature,0,0.9768877094602224,0.5546951606920373,nan,42,155,8.0,0.050989041999855544
wake,8,label_aware,0,0.974331506371586,0.6843709318904252,nan,42,155,8.0,0.039193083001009654
wake,16,consecutive,0,0.969713826108328,0.1773873676366889,nan,42,155,16.0,0.0
wake,16,uniform,0,0.9768900800878467,0.5741169896314992,nan,42,155,16.0,0.0
wake,16,random,0,0.9772378624078872,0.538649251936716,0.0068394359981101965,42,155,16.0,0.0
wake,16,imse,0,0.9824934607521744,0.6686214202371865,nan,42,155,16.0,0.05514837500231806
wake,16,kernel_quadrature,0,0.9827212914383971,0.8179756052022825,nan,42,155,16.0,0.050989041999855544
wake,16,label_aware,0,0.9730323408389995,0.8683725507917103,nan,42,155,16.0,0.12177012500615092
wake,32,consecutive,0,0.9731431033217673,0.2867361292806834,nan,42,155,32.0,0.0
wake,32,uniform,0,0.9875027305373032,0.8732269183709911,nan,42,155,32.0,0.0
wake,32,random,0,0.9840936350668485,0.746663120008231,0.003314947354450394,42,155,32.0,0.0
wake,32,imse,0,0.9901064118036622,0.8765979256957553,nan,42,155,32.0,0.05514837500231806
wake,32,kernel_quadrature,0,0.992955244793126,0.9258792716345002,nan,42,155,32.0,0.050989041999855544
wake,32,label_aware,0,0.977471625793589,0.9541947979821545,nan,42,155,32.0,0.3697622079998837
wake,64,consecutive,0,0.9894967619166524,0.7691355383348066,nan,42,155,64.0,0.0
wake,64,uniform,0,0.9950063757353265,0.9612963943797409,nan,42,155,64.0,0.0
wake,64,random,0,0.9917796636680556,0.9286447045342076,0.0019177770468589044,42,155,64.0,0.0
wake,64,imse,0,0.9918579038059677,0.9497690393799609,nan,42,155,64.0,0.05514837500231806
wake,64,kernel_quadrature,0,0.9942854070785101,0.971606878930713,nan,42,155,64.0,0.050989041999855544
wake,64,label_aware,0,0.9892648845481946,0.9890317466288997,nan,42,155,64.0,0.22217524999723537
wake,4,consecutive,1,0.9713942892904704,0.032242950368349205,nan,41,156,4.0,0.0
wake,4,uniform,1,0.9758646303836805,0.2762130014950692,nan,41,156,4.0,0.0
wake,4,random,1,0.9746161939494475,0.17496790027089298,0.003097563456207066,41,156,4.0,0.0
wake,4,imse,1,0.9771265157779714,0.28632371559515196,nan,41,156,4.0,0.05132600000069942
wake,4,kernel_quadrature,1,0.9741529760799373,0.39140611240791806,nan,41,156,4.0,0.04886258400074439
wake,4,label_aware,1,0.9630613252891856,0.44667176636699674,nan,41,156,4.0,0.02463841599819716
wake,8,consecutive,1,0.9717486425362255,0.06107427931586228,nan,41,156,8.0,0.0
wake,8,uniform,1,0.9795217119355557,0.3141087868911374,nan,41,156,8.0,0.0
wake,8,random,1,0.976139176831861,0.29696358480215734,0.003900812995700205,41,156,8.0,0.0
wake,8,imse,1,0.9771275540052005,0.5108054786696603,nan,41,156,8.0,0.05132600000069942
wake,8,kernel_quadrature,1,0.9769717006464319,0.611268070995587,nan,41,156,8.0,0.04886258400074439
wake,8,label_aware,1,0.9740732015867603,0.6443642136411625,nan,41,156,8.0,0.015791792000527494
wake,16,consecutive,1,0.9731022471145585,0.14946289885469816,nan,41,156,16.0,0.0
wake,16,uniform,1,0.9745412962278859,0.5949168431086418,nan,41,156,16.0,0.0
wake,16,random,1,0.9814936016399779,0.5287239074680472,0.0038850655704353344,41,156,16.0,0.0
wake,16,imse,1,0.9873745555336331,0.727548840183303,nan,41,156,16.0,0.05132600000069942
wake,16,kernel_quadrature,1,0.9820231250431015,0.7950061220887187,nan,41,156,16.0,0.04886258400074439
wake,16,label_aware,1,0.9873869999080137,0.8310836518622399,nan,41,156,16.0,0.14513554100267356
wake,32,consecutive,1,0.9731478600301385,0.28452152830641597,nan,41,156,32.0,0.0
wake,32,uniform,1,0.9886799301364626,0.8769477212783661,nan,41,156,32.0,0.0
wake,32,random,1,0.9869171790435874,0.754788877417567,0.002788403019761995,41,156,32.0,0.0
wake,32,imse,1,0.9906549869306713,0.8762562891014458,nan,41,156,32.0,0.05132600000069942
wake,32,kernel_quadrature,1,0.9898707106172167,0.90105708158519,nan,41,156,32.0,0.04886258400074439
wake,32,label_aware,1,0.9927666307442511,0.9452612325680072,nan,41,156,32.0,0.12519808299839497
wake,64,consecutive,1,0.9884501308588328,0.7923169719759283,nan,41,156,64.0,0.0
wake,64,uniform,1,0.9959899466588966,0.961053947345317,nan,41,156,64.0,0.0
wake,64,random,1,0.9927399034796058,0.930756240962552,0.0018783279390773501,41,156,64.0,0.0
wake,64,imse,1,0.9971617294722492,0.9471902992606634,nan,41,156,64.0,0.05132600000069942
wake,64,kernel_quadrature,1,0.9959785530902115,0.9621470989273322,nan,41,156,64.0,0.04886258400074439
wake,64,label_aware,1,0.9951252532526391,0.9848150294882415,nan,41,156,64.0,0.6882862499987823
wake,4,consecutive,2,0.8945557290190128,0.05029084978573128,nan,40,157,4.0,0.0
wake,4,uniform,2,0.9240707047698812,0.21045182013787797,nan,40,157,4.0,0.0
wake,4,random,2,0.9112738764593938,0.1534994616190336,0.010632003372685644,40,157,4.0,0.0
wake,4,imse,2,0.9253456915297921,0.15080627186733125,nan,40,157,4.0,0.0544984999942244
wake,4,kernel_quadrature,2,0.898701945583643,0.31911564620019645,nan,40,157,4.0,0.06105808300344506
wake,4,label_aware,2,0.9142787206685139,0.38071424204802956,nan,40,157,4.0,0.02160833300149534
wake,8,consecutive,2,0.8914148941095316,0.12021936445354277,nan,40,157,8.0,0.0
wake,8,uniform,2,0.9273784720514945,0.2822940667217535,nan,40,157,8.0,0.0
wake,8,random,2,0.9261426811954889,0.27461827932564076,0.009465299572474549,40,157,8.0,0.0
wake,8,imse,2,0.9368783422538663,0.47825304925856665,nan,40,157,8.0,0.0544984999942244
wake,8,kernel_quadrature,2,0.9289109167168612,0.5147122582641376,nan,40,157,8.0,0.06105808300344506
wake,8,label_aware,2,0.9297351105351862,0.5942861228290385,nan,40,157,8.0,0.03166012500150828
wake,16,consecutive,2,0.897226346350421,0.1682731836490627,nan,40,157,16.0,0.0
wake,16,uniform,2,0.948618272342866,0.445760296172316,nan,40,157,16.0,0.0
wake,16,random,2,0.9406614643560427,0.4637041630220722,0.011841948277770326,40,157,16.0,0.0
wake,16,imse,2,0.9595111023648984,0.7200933656968395,nan,40,157,16.0,0.0544984999942244
wake,16,kernel_quadrature,2,0.9571204781343152,0.7900529925405744,nan,40,157,16.0,0.06105808300344506
wake,16,label_aware,2,0.9549369924381436,0.8065825576951,nan,40,157,16.0,0.11547329199675005
wake,32,consecutive,2,0.9033766976871408,0.28187445208273404,nan,40,157,32.0,0.0
wake,32,uniform,2,0.9832756811009733,0.8117649742542105,nan,40,157,32.0,0.0
wake,32,random,2,0.9638124764190164,0.7073273860372588,0.009693969405780486,40,157,32.0,0.0
wake,32,imse,2,0.9711055686848994,0.8532523115060828,nan,40,157,32.0,0.0544984999942244
wake,32,kernel_quadrature,2,0.9720001721217548,0.9135392300668661,nan,40,157,32.0,0.06105808300344506
wake,32,label_aware,2,0.9731138202701267,0.922191766757605,nan,40,157,32.0,0.5008382920059375
wake,64,consecutive,2,0.9556875700121237,0.7992094394227256,nan,40,157,64.0,0.0
wake,64,uniform,2,0.9905541721144986,0.9507157864400266,nan,40,157,64.0,0.0
wake,64,random,2,0.9834737054494775,0.9090321901129998,0.0047044898308262065,40,157,64.0,0.0
wake,64,imse,2,0.9893907124568165,0.9406143719149614,nan,40,157,64.0,0.0544984999942244
wake,64,kernel_quadrature,2,0.9833732324608389,0.9563812224560558,nan,40,157,64.0,0.06105808300344506
wake,64,label_aware,2,0.983734083034313,0.98170659550428,nan,40,157,64.0,0.10796712499723071
wake,4,consecutive,3,0.9196069767325634,0.053363703462613654,nan,37,160,4.0,0.0
wake,4,uniform,3,0.9477653633406197,0.22886871104962253,nan,37,160,4.0,0.0
wake,4,random,3,0.9309650078016045,0.17515628331946892,0.006940513686238771,37,160,4.0,0.0
wake,4,imse,3,0.9221171844856673,0.25918136127998626,nan,37,160,4.0,0.049831582997285295
wake,4,kernel_quadrature,3,0.9063006115353166,0.4023965355339176,nan,37,160,4.0,0.05294258399953833
wake,4,label_aware,3,0.9074379957418959,0.500533569783733,nan,37,160,4.0,0.013945291997515596
wake,8,consecutive,3,0.9206455682324922,0.07744649650281335,nan,37,160,8.0,0.0
wake,8,uniform,3,0.9509548997367785,0.28877005852168347,nan,37,160,8.0,0.0
wake,8,random,3,0.9396048967378275,0.3147986511785185,0.012056834282546428,37,160,8.0,0.0
wake,8,imse,3,0.940632758725183,0.3834249392708998,nan,37,160,8.0,0.049831582997285295
wake,8,kernel_quadrature,3,0.9107697663157222,0.5835928127534121,nan,37,160,8.0,0.05294258399953833
wake,8,label_aware,3,0.9318294155692611,0.6965390945109013,nan,37,160,8.0,0.03418604200123809
wake,16,consecutive,3,0.920839508230717,0.16579835007745908,nan,37,160,16.0,0.0
wake,16,uniform,3,0.9599471751778644,0.5254535801227067,nan,37,160,16.0,0.0
wake,16,random,3,0.9487596328081424,0.4926173378397499,0.009567694924270074,37,160,16.0,0.0
wake,16,imse,3,0.9588397464337655,0.6586955787693808,nan,37,160,16.0,0.049831582997285295
wake,16,kernel_quadrature,3,0.9536358793004321,0.7753556898978741,nan,37,160,16.0,0.05294258399953833
wake,16,label_aware,3,0.9627000575246577,0.8532709695883852,nan,37,160,16.0,0.22263179199944716
wake,32,consecutive,3,0.9127481278125151,0.30662134544921893,nan,37,160,32.0,0.0
wake,32,uniform,3,0.9884385127441271,0.8289188440993812,nan,37,160,32.0,0.0
wake,32,random,3,0.9690483928847657,0.76071662790481,0.008267177840420185,37,160,32.0,0.0
wake,32,imse,3,0.9568101094532451,0.7945301943499814,nan,37,160,32.0,0.049831582997285295
wake,32,kernel_quadrature,3,0.9773017820070923,0.8781623747505833,nan,37,160,32.0,0.05294258399953833
wake,32,label_aware,3,0.9709678473841391,0.9414024765929166,nan,37,160,32.0,0.3168786669994006
wake,64,consecutive,3,0.9596099101203235,0.8051868225756285,nan,37,160,64.0,0.0
wake,64,uniform,3,0.9939731392669625,0.9511759353504021,nan,37,160,64.0,0.0
wake,64,random,3,0.9849162206135169,0.9086632726375153,0.004043786556747796,37,160,64.0,0.0
wake,64,imse,3,0.9847763827936118,0.9511115891275228,nan,37,160,64.0,0.049831582997285295
wake,64,kernel_quadrature,3,0.9876656081412258,0.9516647112988921,nan,37,160,64.0,0.05294258399953833
wake,64,label_aware,3,0.9871728842612615,0.9829624100883273,nan,37,160,64.0,0.4047102500044275
wake,4,consecutive,4,0.9609342859959825,0.0436896713524695,nan,37,160,4.0,0.0
wake,4,uniform,4,0.9726751199960096,0.2486153684906481,nan,37,160,4.0,0.0
wake,4,random,4,0.9621042007166034,0.18588992161332557,0.006069173246211928,37,160,4.0,0.0
wake,4,imse,4,0.964363187230831,0.27863483663122485,nan,37,160,4.0,0.05396825000207173
wake,4,kernel_quadrature,4,0.9634695276661085,0.43058311284747486,nan,37,160,4.0,0.05179816699819639
wake,4,label_aware,4,0.9549459293474971,0.5034531973040164,nan,37,160,4.0,0.01582158300152514
wake,8,consecutive,4,0.9623066945981442,0.059600293271113526,nan,37,160,8.0,0.0
wake,8,uniform,4,0.9684418393145492,0.3371476373086545,nan,37,160,8.0,0.0
wake,8,random,4,0.9666755726557275,0.3306339922451851,0.004301077996325572,37,160,8.0,0.0
wake,8,imse,4,0.968970494376398,0.46703264635035563,nan,37,160,8.0,0.05396825000207173
wake,8,kernel_quadrature,4,0.9585421323880494,0.6119805617644646,nan,37,160,8.0,0.05179816699819639
wake,8,label_aware,4,0.9591678104530378,0.679653803185926,nan,37,160,8.0,0.03328454199800035
wake,16,consecutive,4,0.9613738433883611,0.17548959911499043,nan,37,160,16.0,0.0
wake,16,uniform,4,0.9576131976612913,0.6117101911707685,nan,37,160,16.0,0.0
wake,16,random,4,0.9729782636767211,0.5360137378560321,0.005526599638608267,37,160,16.0,0.0
wake,16,imse,4,0.9850085937624148,0.6919337874765842,nan,37,160,16.0,0.05396825000207173
wake,16,kernel_quadrature,4,0.9726524391010073,0.7964289748179242,nan,37,160,16.0,0.05179816699819639
wake,16,label_aware,4,0.9759954385976234,0.838561611404621,nan,37,160,16.0,0.10549470900150482
wake,32,consecutive,4,0.960733707900547,0.27451502694973257,nan,37,160,32.0,0.0
wake,32,uniform,4,0.9880244786284498,0.8537284759002082,nan,37,160,32.0,0.0
wake,32,random,4,0.9827473539308993,0.7784533543039519,0.004000441321628256,37,160,32.0,0.0
wake,32,imse,4,0.9879756599602402,0.8289540004611479,nan,37,160,32.0,0.05396825000207173
wake,32,kernel_quadrature,4,0.9795036468847605,0.9046032411652891,nan,37,160,32.0,0.05179816699819639
wake,32,label_aware,4,0.9833728052413354,0.9488419003703812,nan,37,160,32.0,0.41872479199810186
wake,64,consecutive,4,0.9866895355040758,0.7834265325754227,nan,37,160,64.0,0.0
wake,64,uniform,4,0.9953038232068744,0.9576736295339846,nan,37,160,64.0,0.0
wake,64,random,4,0.9899070317534902,0.918563649554167,0.002380675250900748,37,160,64.0,0.0
wake,64,imse,4,0.9924925573482306,0.9473879957204352,nan,37,160,64.0,0.05396825000207173
wake,64,kernel_quadrature,4,0.9886130595537514,0.9611549014590329,nan,37,160,64.0,0.05179816699819639
wake,64,label_aware,4,0.993853371432375,0.9823157114764776,nan,37,160,64.0,0.510678333004762
